[2025-04-05T11:23:27.044+0000] {processor.py:186} INFO - Started process (PID=121) to work on /home/airflow/.local/lib/python3.12/site-packages/airflow/example_dags/example_datasets.py
[2025-04-05T11:23:27.044+0000] {processor.py:914} INFO - Processing file /home/airflow/.local/lib/python3.12/site-packages/airflow/example_dags/example_datasets.py for tasks to queue
[2025-04-05T11:23:27.046+0000] {logging_mixin.py:190} INFO - [2025-04-05T11:23:27.045+0000] {dagbag.py:588} INFO - Filling up the DagBag from /home/airflow/.local/lib/python3.12/site-packages/airflow/example_dags/example_datasets.py
[2025-04-05T11:23:27.524+0000] {processor.py:925} INFO - DAG(s) 'dataset_produces_2', 'conditional_dataset_and_time_based_timetable', 'dataset_consumes_1_and_2', 'consume_1_or_2_with_dataset_expressions', 'consume_1_or_both_2_and_3_with_dataset_expressions', 'dataset_consumes_1_never_scheduled', 'dataset_produces_1', 'dataset_consumes_unknown_never_scheduled', 'dataset_consumes_1', 'consume_1_and_2_with_dataset_expressions' retrieved from /home/airflow/.local/lib/python3.12/site-packages/airflow/example_dags/example_datasets.py
[2025-04-05T11:23:27.569+0000] {logging_mixin.py:190} INFO - [2025-04-05T11:23:27.569+0000] {override.py:1912} INFO - Created Permission View: can edit on DAG:dataset_produces_2
[2025-04-05T11:23:27.573+0000] {logging_mixin.py:190} INFO - [2025-04-05T11:23:27.573+0000] {override.py:1912} INFO - Created Permission View: can read on DAG:dataset_produces_2
[2025-04-05T11:23:27.576+0000] {logging_mixin.py:190} INFO - [2025-04-05T11:23:27.576+0000] {override.py:1912} INFO - Created Permission View: can delete on DAG:dataset_produces_2
[2025-04-05T11:23:27.578+0000] {logging_mixin.py:190} INFO - [2025-04-05T11:23:27.578+0000] {override.py:1912} INFO - Created Permission View: menu access on DAG Run:dataset_produces_2
[2025-04-05T11:23:27.580+0000] {logging_mixin.py:190} INFO - [2025-04-05T11:23:27.580+0000] {override.py:1912} INFO - Created Permission View: can read on DAG Run:dataset_produces_2
[2025-04-05T11:23:27.582+0000] {logging_mixin.py:190} INFO - [2025-04-05T11:23:27.582+0000] {override.py:1912} INFO - Created Permission View: can create on DAG Run:dataset_produces_2
[2025-04-05T11:23:27.585+0000] {logging_mixin.py:190} INFO - [2025-04-05T11:23:27.585+0000] {override.py:1912} INFO - Created Permission View: can delete on DAG Run:dataset_produces_2
[2025-04-05T11:23:27.589+0000] {logging_mixin.py:190} INFO - [2025-04-05T11:23:27.589+0000] {override.py:1912} INFO - Created Permission View: can edit on DAG:conditional_dataset_and_time_based_timetable
[2025-04-05T11:23:27.592+0000] {logging_mixin.py:190} INFO - [2025-04-05T11:23:27.591+0000] {override.py:1912} INFO - Created Permission View: can read on DAG:conditional_dataset_and_time_based_timetable
[2025-04-05T11:23:27.594+0000] {logging_mixin.py:190} INFO - [2025-04-05T11:23:27.594+0000] {override.py:1912} INFO - Created Permission View: can delete on DAG:conditional_dataset_and_time_based_timetable
[2025-04-05T11:23:27.597+0000] {logging_mixin.py:190} INFO - [2025-04-05T11:23:27.597+0000] {override.py:1912} INFO - Created Permission View: menu access on DAG Run:conditional_dataset_and_time_based_timetable
[2025-04-05T11:23:27.599+0000] {logging_mixin.py:190} INFO - [2025-04-05T11:23:27.599+0000] {override.py:1912} INFO - Created Permission View: can read on DAG Run:conditional_dataset_and_time_based_timetable
[2025-04-05T11:23:27.601+0000] {logging_mixin.py:190} INFO - [2025-04-05T11:23:27.601+0000] {override.py:1912} INFO - Created Permission View: can create on DAG Run:conditional_dataset_and_time_based_timetable
[2025-04-05T11:23:27.603+0000] {logging_mixin.py:190} INFO - [2025-04-05T11:23:27.603+0000] {override.py:1912} INFO - Created Permission View: can delete on DAG Run:conditional_dataset_and_time_based_timetable
[2025-04-05T11:23:27.608+0000] {logging_mixin.py:190} INFO - [2025-04-05T11:23:27.608+0000] {override.py:1912} INFO - Created Permission View: can edit on DAG:dataset_consumes_1_and_2
[2025-04-05T11:23:27.610+0000] {logging_mixin.py:190} INFO - [2025-04-05T11:23:27.610+0000] {override.py:1912} INFO - Created Permission View: can read on DAG:dataset_consumes_1_and_2
[2025-04-05T11:23:27.613+0000] {logging_mixin.py:190} INFO - [2025-04-05T11:23:27.613+0000] {override.py:1912} INFO - Created Permission View: can delete on DAG:dataset_consumes_1_and_2
[2025-04-05T11:23:27.616+0000] {logging_mixin.py:190} INFO - [2025-04-05T11:23:27.616+0000] {override.py:1912} INFO - Created Permission View: menu access on DAG Run:dataset_consumes_1_and_2
[2025-04-05T11:23:27.618+0000] {logging_mixin.py:190} INFO - [2025-04-05T11:23:27.618+0000] {override.py:1912} INFO - Created Permission View: can read on DAG Run:dataset_consumes_1_and_2
[2025-04-05T11:23:27.621+0000] {logging_mixin.py:190} INFO - [2025-04-05T11:23:27.621+0000] {override.py:1912} INFO - Created Permission View: can create on DAG Run:dataset_consumes_1_and_2
[2025-04-05T11:23:27.624+0000] {logging_mixin.py:190} INFO - [2025-04-05T11:23:27.624+0000] {override.py:1912} INFO - Created Permission View: can delete on DAG Run:dataset_consumes_1_and_2
[2025-04-05T11:23:27.629+0000] {logging_mixin.py:190} INFO - [2025-04-05T11:23:27.629+0000] {override.py:1912} INFO - Created Permission View: can edit on DAG:consume_1_or_2_with_dataset_expressions
[2025-04-05T11:23:27.633+0000] {logging_mixin.py:190} INFO - [2025-04-05T11:23:27.633+0000] {override.py:1912} INFO - Created Permission View: can read on DAG:consume_1_or_2_with_dataset_expressions
[2025-04-05T11:23:27.636+0000] {logging_mixin.py:190} INFO - [2025-04-05T11:23:27.636+0000] {override.py:1912} INFO - Created Permission View: can delete on DAG:consume_1_or_2_with_dataset_expressions
[2025-04-05T11:23:27.643+0000] {logging_mixin.py:190} INFO - [2025-04-05T11:23:27.643+0000] {override.py:1912} INFO - Created Permission View: menu access on DAG Run:consume_1_or_2_with_dataset_expressions
[2025-04-05T11:23:27.645+0000] {logging_mixin.py:190} INFO - [2025-04-05T11:23:27.645+0000] {override.py:1912} INFO - Created Permission View: can read on DAG Run:consume_1_or_2_with_dataset_expressions
[2025-04-05T11:23:27.648+0000] {logging_mixin.py:190} INFO - [2025-04-05T11:23:27.648+0000] {override.py:1912} INFO - Created Permission View: can create on DAG Run:consume_1_or_2_with_dataset_expressions
[2025-04-05T11:23:27.650+0000] {logging_mixin.py:190} INFO - [2025-04-05T11:23:27.650+0000] {override.py:1912} INFO - Created Permission View: can delete on DAG Run:consume_1_or_2_with_dataset_expressions
[2025-04-05T11:23:27.655+0000] {logging_mixin.py:190} INFO - [2025-04-05T11:23:27.655+0000] {override.py:1912} INFO - Created Permission View: can edit on DAG:consume_1_or_both_2_and_3_with_dataset_expressions
[2025-04-05T11:23:27.658+0000] {logging_mixin.py:190} INFO - [2025-04-05T11:23:27.658+0000] {override.py:1912} INFO - Created Permission View: can read on DAG:consume_1_or_both_2_and_3_with_dataset_expressions
[2025-04-05T11:23:27.660+0000] {logging_mixin.py:190} INFO - [2025-04-05T11:23:27.660+0000] {override.py:1912} INFO - Created Permission View: can delete on DAG:consume_1_or_both_2_and_3_with_dataset_expressions
[2025-04-05T11:23:27.662+0000] {logging_mixin.py:190} INFO - [2025-04-05T11:23:27.662+0000] {override.py:1912} INFO - Created Permission View: menu access on DAG Run:consume_1_or_both_2_and_3_with_dataset_expressions
[2025-04-05T11:23:27.665+0000] {logging_mixin.py:190} INFO - [2025-04-05T11:23:27.665+0000] {override.py:1912} INFO - Created Permission View: can read on DAG Run:consume_1_or_both_2_and_3_with_dataset_expressions
[2025-04-05T11:23:27.667+0000] {logging_mixin.py:190} INFO - [2025-04-05T11:23:27.667+0000] {override.py:1912} INFO - Created Permission View: can create on DAG Run:consume_1_or_both_2_and_3_with_dataset_expressions
[2025-04-05T11:23:27.670+0000] {logging_mixin.py:190} INFO - [2025-04-05T11:23:27.670+0000] {override.py:1912} INFO - Created Permission View: can delete on DAG Run:consume_1_or_both_2_and_3_with_dataset_expressions
[2025-04-05T11:23:27.675+0000] {logging_mixin.py:190} INFO - [2025-04-05T11:23:27.675+0000] {override.py:1912} INFO - Created Permission View: can edit on DAG:dataset_consumes_1_never_scheduled
[2025-04-05T11:23:27.677+0000] {logging_mixin.py:190} INFO - [2025-04-05T11:23:27.677+0000] {override.py:1912} INFO - Created Permission View: can read on DAG:dataset_consumes_1_never_scheduled
[2025-04-05T11:23:27.679+0000] {logging_mixin.py:190} INFO - [2025-04-05T11:23:27.679+0000] {override.py:1912} INFO - Created Permission View: can delete on DAG:dataset_consumes_1_never_scheduled
[2025-04-05T11:23:27.681+0000] {logging_mixin.py:190} INFO - [2025-04-05T11:23:27.681+0000] {override.py:1912} INFO - Created Permission View: menu access on DAG Run:dataset_consumes_1_never_scheduled
[2025-04-05T11:23:27.683+0000] {logging_mixin.py:190} INFO - [2025-04-05T11:23:27.683+0000] {override.py:1912} INFO - Created Permission View: can read on DAG Run:dataset_consumes_1_never_scheduled
[2025-04-05T11:23:27.685+0000] {logging_mixin.py:190} INFO - [2025-04-05T11:23:27.685+0000] {override.py:1912} INFO - Created Permission View: can create on DAG Run:dataset_consumes_1_never_scheduled
[2025-04-05T11:23:27.687+0000] {logging_mixin.py:190} INFO - [2025-04-05T11:23:27.687+0000] {override.py:1912} INFO - Created Permission View: can delete on DAG Run:dataset_consumes_1_never_scheduled
[2025-04-05T11:23:27.691+0000] {logging_mixin.py:190} INFO - [2025-04-05T11:23:27.691+0000] {override.py:1912} INFO - Created Permission View: can edit on DAG:dataset_produces_1
[2025-04-05T11:23:27.693+0000] {logging_mixin.py:190} INFO - [2025-04-05T11:23:27.693+0000] {override.py:1912} INFO - Created Permission View: can read on DAG:dataset_produces_1
[2025-04-05T11:23:27.695+0000] {logging_mixin.py:190} INFO - [2025-04-05T11:23:27.695+0000] {override.py:1912} INFO - Created Permission View: can delete on DAG:dataset_produces_1
[2025-04-05T11:23:27.697+0000] {logging_mixin.py:190} INFO - [2025-04-05T11:23:27.697+0000] {override.py:1912} INFO - Created Permission View: menu access on DAG Run:dataset_produces_1
[2025-04-05T11:23:27.700+0000] {logging_mixin.py:190} INFO - [2025-04-05T11:23:27.700+0000] {override.py:1912} INFO - Created Permission View: can read on DAG Run:dataset_produces_1
[2025-04-05T11:23:27.703+0000] {logging_mixin.py:190} INFO - [2025-04-05T11:23:27.703+0000] {override.py:1912} INFO - Created Permission View: can create on DAG Run:dataset_produces_1
[2025-04-05T11:23:27.706+0000] {logging_mixin.py:190} INFO - [2025-04-05T11:23:27.706+0000] {override.py:1912} INFO - Created Permission View: can delete on DAG Run:dataset_produces_1
[2025-04-05T11:23:27.713+0000] {logging_mixin.py:190} INFO - [2025-04-05T11:23:27.713+0000] {override.py:1912} INFO - Created Permission View: can edit on DAG:dataset_consumes_unknown_never_scheduled
[2025-04-05T11:23:27.718+0000] {logging_mixin.py:190} INFO - [2025-04-05T11:23:27.717+0000] {override.py:1912} INFO - Created Permission View: can read on DAG:dataset_consumes_unknown_never_scheduled
[2025-04-05T11:23:27.721+0000] {logging_mixin.py:190} INFO - [2025-04-05T11:23:27.721+0000] {override.py:1912} INFO - Created Permission View: can delete on DAG:dataset_consumes_unknown_never_scheduled
[2025-04-05T11:23:27.724+0000] {logging_mixin.py:190} INFO - [2025-04-05T11:23:27.724+0000] {override.py:1912} INFO - Created Permission View: menu access on DAG Run:dataset_consumes_unknown_never_scheduled
[2025-04-05T11:23:27.726+0000] {logging_mixin.py:190} INFO - [2025-04-05T11:23:27.726+0000] {override.py:1912} INFO - Created Permission View: can read on DAG Run:dataset_consumes_unknown_never_scheduled
[2025-04-05T11:23:27.728+0000] {logging_mixin.py:190} INFO - [2025-04-05T11:23:27.728+0000] {override.py:1912} INFO - Created Permission View: can create on DAG Run:dataset_consumes_unknown_never_scheduled
[2025-04-05T11:23:27.731+0000] {logging_mixin.py:190} INFO - [2025-04-05T11:23:27.731+0000] {override.py:1912} INFO - Created Permission View: can delete on DAG Run:dataset_consumes_unknown_never_scheduled
[2025-04-05T11:23:27.736+0000] {logging_mixin.py:190} INFO - [2025-04-05T11:23:27.736+0000] {override.py:1912} INFO - Created Permission View: can edit on DAG:dataset_consumes_1
[2025-04-05T11:23:27.738+0000] {logging_mixin.py:190} INFO - [2025-04-05T11:23:27.738+0000] {override.py:1912} INFO - Created Permission View: can read on DAG:dataset_consumes_1
[2025-04-05T11:23:27.741+0000] {logging_mixin.py:190} INFO - [2025-04-05T11:23:27.741+0000] {override.py:1912} INFO - Created Permission View: can delete on DAG:dataset_consumes_1
[2025-04-05T11:23:27.743+0000] {logging_mixin.py:190} INFO - [2025-04-05T11:23:27.743+0000] {override.py:1912} INFO - Created Permission View: menu access on DAG Run:dataset_consumes_1
[2025-04-05T11:23:27.745+0000] {logging_mixin.py:190} INFO - [2025-04-05T11:23:27.745+0000] {override.py:1912} INFO - Created Permission View: can read on DAG Run:dataset_consumes_1
[2025-04-05T11:23:27.749+0000] {logging_mixin.py:190} INFO - [2025-04-05T11:23:27.749+0000] {override.py:1912} INFO - Created Permission View: can create on DAG Run:dataset_consumes_1
[2025-04-05T11:23:27.753+0000] {logging_mixin.py:190} INFO - [2025-04-05T11:23:27.752+0000] {override.py:1912} INFO - Created Permission View: can delete on DAG Run:dataset_consumes_1
[2025-04-05T11:23:27.760+0000] {logging_mixin.py:190} INFO - [2025-04-05T11:23:27.760+0000] {override.py:1912} INFO - Created Permission View: can edit on DAG:consume_1_and_2_with_dataset_expressions
[2025-04-05T11:23:27.763+0000] {logging_mixin.py:190} INFO - [2025-04-05T11:23:27.763+0000] {override.py:1912} INFO - Created Permission View: can read on DAG:consume_1_and_2_with_dataset_expressions
[2025-04-05T11:23:27.766+0000] {logging_mixin.py:190} INFO - [2025-04-05T11:23:27.765+0000] {override.py:1912} INFO - Created Permission View: can delete on DAG:consume_1_and_2_with_dataset_expressions
[2025-04-05T11:23:27.768+0000] {logging_mixin.py:190} INFO - [2025-04-05T11:23:27.768+0000] {override.py:1912} INFO - Created Permission View: menu access on DAG Run:consume_1_and_2_with_dataset_expressions
[2025-04-05T11:23:27.771+0000] {logging_mixin.py:190} INFO - [2025-04-05T11:23:27.770+0000] {override.py:1912} INFO - Created Permission View: can read on DAG Run:consume_1_and_2_with_dataset_expressions
[2025-04-05T11:23:27.773+0000] {logging_mixin.py:190} INFO - [2025-04-05T11:23:27.773+0000] {override.py:1912} INFO - Created Permission View: can create on DAG Run:consume_1_and_2_with_dataset_expressions
[2025-04-05T11:23:27.775+0000] {logging_mixin.py:190} INFO - [2025-04-05T11:23:27.775+0000] {override.py:1912} INFO - Created Permission View: can delete on DAG Run:consume_1_and_2_with_dataset_expressions
[2025-04-05T11:23:27.775+0000] {logging_mixin.py:190} INFO - [2025-04-05T11:23:27.775+0000] {dag.py:3239} INFO - Sync 10 DAGs
[2025-04-05T11:23:27.782+0000] {logging_mixin.py:190} INFO - [2025-04-05T11:23:27.781+0000] {dag.py:3262} INFO - Creating ORM DAG for dataset_produces_2
[2025-04-05T11:23:27.782+0000] {logging_mixin.py:190} INFO - [2025-04-05T11:23:27.782+0000] {dag.py:3262} INFO - Creating ORM DAG for consume_1_and_2_with_dataset_expressions
[2025-04-05T11:23:27.782+0000] {logging_mixin.py:190} INFO - [2025-04-05T11:23:27.782+0000] {dag.py:3262} INFO - Creating ORM DAG for dataset_consumes_1_and_2
[2025-04-05T11:23:27.783+0000] {logging_mixin.py:190} INFO - [2025-04-05T11:23:27.782+0000] {dag.py:3262} INFO - Creating ORM DAG for conditional_dataset_and_time_based_timetable
[2025-04-05T11:23:27.783+0000] {logging_mixin.py:190} INFO - [2025-04-05T11:23:27.783+0000] {dag.py:3262} INFO - Creating ORM DAG for dataset_consumes_1
[2025-04-05T11:23:27.783+0000] {logging_mixin.py:190} INFO - [2025-04-05T11:23:27.783+0000] {dag.py:3262} INFO - Creating ORM DAG for consume_1_or_2_with_dataset_expressions
[2025-04-05T11:23:27.783+0000] {logging_mixin.py:190} INFO - [2025-04-05T11:23:27.783+0000] {dag.py:3262} INFO - Creating ORM DAG for consume_1_or_both_2_and_3_with_dataset_expressions
[2025-04-05T11:23:27.783+0000] {logging_mixin.py:190} INFO - [2025-04-05T11:23:27.783+0000] {dag.py:3262} INFO - Creating ORM DAG for dataset_produces_1
[2025-04-05T11:23:27.784+0000] {logging_mixin.py:190} INFO - [2025-04-05T11:23:27.784+0000] {dag.py:3262} INFO - Creating ORM DAG for dataset_consumes_unknown_never_scheduled
[2025-04-05T11:23:27.784+0000] {logging_mixin.py:190} INFO - [2025-04-05T11:23:27.784+0000] {dag.py:3262} INFO - Creating ORM DAG for dataset_consumes_1_never_scheduled
[2025-04-05T11:23:27.789+0000] {logging_mixin.py:190} INFO - [2025-04-05T11:23:27.789+0000] {dag.py:4180} INFO - Setting next_dagrun for conditional_dataset_and_time_based_timetable to 2025-04-02 01:00:00+00:00, run_after=2025-04-02 01:00:00+00:00
[2025-04-05T11:23:27.789+0000] {logging_mixin.py:190} INFO - [2025-04-05T11:23:27.789+0000] {dag.py:4180} INFO - Setting next_dagrun for consume_1_and_2_with_dataset_expressions to None, run_after=None
[2025-04-05T11:23:27.789+0000] {logging_mixin.py:190} INFO - [2025-04-05T11:23:27.789+0000] {dag.py:4180} INFO - Setting next_dagrun for consume_1_or_2_with_dataset_expressions to None, run_after=None
[2025-04-05T11:23:27.790+0000] {logging_mixin.py:190} INFO - [2025-04-05T11:23:27.790+0000] {dag.py:4180} INFO - Setting next_dagrun for consume_1_or_both_2_and_3_with_dataset_expressions to None, run_after=None
[2025-04-05T11:23:27.790+0000] {logging_mixin.py:190} INFO - [2025-04-05T11:23:27.790+0000] {dag.py:4180} INFO - Setting next_dagrun for dataset_consumes_1 to None, run_after=None
[2025-04-05T11:23:27.790+0000] {logging_mixin.py:190} INFO - [2025-04-05T11:23:27.790+0000] {dag.py:4180} INFO - Setting next_dagrun for dataset_consumes_1_and_2 to None, run_after=None
[2025-04-05T11:23:27.790+0000] {logging_mixin.py:190} INFO - [2025-04-05T11:23:27.790+0000] {dag.py:4180} INFO - Setting next_dagrun for dataset_consumes_1_never_scheduled to None, run_after=None
[2025-04-05T11:23:27.790+0000] {logging_mixin.py:190} INFO - [2025-04-05T11:23:27.790+0000] {dag.py:4180} INFO - Setting next_dagrun for dataset_consumes_unknown_never_scheduled to None, run_after=None
[2025-04-05T11:23:27.791+0000] {logging_mixin.py:190} INFO - [2025-04-05T11:23:27.791+0000] {dag.py:4180} INFO - Setting next_dagrun for dataset_produces_1 to 2025-04-04 00:00:00+00:00, run_after=2025-04-05 00:00:00+00:00
[2025-04-05T11:23:27.791+0000] {logging_mixin.py:190} INFO - [2025-04-05T11:23:27.791+0000] {dag.py:4180} INFO - Setting next_dagrun for dataset_produces_2 to None, run_after=None
[2025-04-05T11:23:27.811+0000] {processor.py:208} INFO - Processing /home/airflow/.local/lib/python3.12/site-packages/airflow/example_dags/example_datasets.py took 0.771 seconds
[2025-04-05T11:23:58.186+0000] {processor.py:186} INFO - Started process (PID=184) to work on /home/airflow/.local/lib/python3.12/site-packages/airflow/example_dags/example_datasets.py
[2025-04-05T11:23:58.187+0000] {processor.py:914} INFO - Processing file /home/airflow/.local/lib/python3.12/site-packages/airflow/example_dags/example_datasets.py for tasks to queue
[2025-04-05T11:23:58.189+0000] {logging_mixin.py:190} INFO - [2025-04-05T11:23:58.188+0000] {dagbag.py:588} INFO - Filling up the DagBag from /home/airflow/.local/lib/python3.12/site-packages/airflow/example_dags/example_datasets.py
[2025-04-05T11:23:58.745+0000] {processor.py:925} INFO - DAG(s) 'consume_1_or_2_with_dataset_expressions', 'dataset_consumes_1_and_2', 'consume_1_and_2_with_dataset_expressions', 'conditional_dataset_and_time_based_timetable', 'dataset_consumes_1_never_scheduled', 'dataset_produces_1', 'dataset_produces_2', 'dataset_consumes_unknown_never_scheduled', 'dataset_consumes_1', 'consume_1_or_both_2_and_3_with_dataset_expressions' retrieved from /home/airflow/.local/lib/python3.12/site-packages/airflow/example_dags/example_datasets.py
[2025-04-05T11:23:58.772+0000] {logging_mixin.py:190} INFO - [2025-04-05T11:23:58.772+0000] {dag.py:3239} INFO - Sync 10 DAGs
[2025-04-05T11:23:58.790+0000] {logging_mixin.py:190} INFO - [2025-04-05T11:23:58.790+0000] {dag.py:4180} INFO - Setting next_dagrun for conditional_dataset_and_time_based_timetable to 2025-04-02 01:00:00+00:00, run_after=2025-04-02 01:00:00+00:00
[2025-04-05T11:23:58.792+0000] {logging_mixin.py:190} INFO - [2025-04-05T11:23:58.792+0000] {dag.py:4180} INFO - Setting next_dagrun for consume_1_and_2_with_dataset_expressions to None, run_after=None
[2025-04-05T11:23:58.793+0000] {logging_mixin.py:190} INFO - [2025-04-05T11:23:58.793+0000] {dag.py:4180} INFO - Setting next_dagrun for consume_1_or_2_with_dataset_expressions to None, run_after=None
[2025-04-05T11:23:58.794+0000] {logging_mixin.py:190} INFO - [2025-04-05T11:23:58.794+0000] {dag.py:4180} INFO - Setting next_dagrun for consume_1_or_both_2_and_3_with_dataset_expressions to None, run_after=None
[2025-04-05T11:23:58.795+0000] {logging_mixin.py:190} INFO - [2025-04-05T11:23:58.794+0000] {dag.py:4180} INFO - Setting next_dagrun for dataset_consumes_1 to None, run_after=None
[2025-04-05T11:23:58.795+0000] {logging_mixin.py:190} INFO - [2025-04-05T11:23:58.795+0000] {dag.py:4180} INFO - Setting next_dagrun for dataset_consumes_1_and_2 to None, run_after=None
[2025-04-05T11:23:58.796+0000] {logging_mixin.py:190} INFO - [2025-04-05T11:23:58.796+0000] {dag.py:4180} INFO - Setting next_dagrun for dataset_consumes_1_never_scheduled to None, run_after=None
[2025-04-05T11:23:58.796+0000] {logging_mixin.py:190} INFO - [2025-04-05T11:23:58.796+0000] {dag.py:4180} INFO - Setting next_dagrun for dataset_consumes_unknown_never_scheduled to None, run_after=None
[2025-04-05T11:23:58.798+0000] {logging_mixin.py:190} INFO - [2025-04-05T11:23:58.798+0000] {dag.py:4180} INFO - Setting next_dagrun for dataset_produces_1 to 2025-04-04 00:00:00+00:00, run_after=2025-04-05 00:00:00+00:00
[2025-04-05T11:23:58.798+0000] {logging_mixin.py:190} INFO - [2025-04-05T11:23:58.798+0000] {dag.py:4180} INFO - Setting next_dagrun for dataset_produces_2 to None, run_after=None
[2025-04-05T11:23:58.818+0000] {processor.py:208} INFO - Processing /home/airflow/.local/lib/python3.12/site-packages/airflow/example_dags/example_datasets.py took 0.639 seconds
[2025-04-05T11:24:29.636+0000] {processor.py:186} INFO - Started process (PID=247) to work on /home/airflow/.local/lib/python3.12/site-packages/airflow/example_dags/example_datasets.py
[2025-04-05T11:24:29.637+0000] {processor.py:914} INFO - Processing file /home/airflow/.local/lib/python3.12/site-packages/airflow/example_dags/example_datasets.py for tasks to queue
[2025-04-05T11:24:29.639+0000] {logging_mixin.py:190} INFO - [2025-04-05T11:24:29.639+0000] {dagbag.py:588} INFO - Filling up the DagBag from /home/airflow/.local/lib/python3.12/site-packages/airflow/example_dags/example_datasets.py
[2025-04-05T11:24:30.055+0000] {processor.py:925} INFO - DAG(s) 'consume_1_or_2_with_dataset_expressions', 'dataset_consumes_1_and_2', 'dataset_produces_2', 'dataset_consumes_1', 'consume_1_and_2_with_dataset_expressions', 'dataset_produces_1', 'consume_1_or_both_2_and_3_with_dataset_expressions', 'dataset_consumes_1_never_scheduled', 'conditional_dataset_and_time_based_timetable', 'dataset_consumes_unknown_never_scheduled' retrieved from /home/airflow/.local/lib/python3.12/site-packages/airflow/example_dags/example_datasets.py
[2025-04-05T11:24:30.076+0000] {logging_mixin.py:190} INFO - [2025-04-05T11:24:30.076+0000] {dag.py:3239} INFO - Sync 10 DAGs
[2025-04-05T11:24:30.088+0000] {logging_mixin.py:190} INFO - [2025-04-05T11:24:30.088+0000] {dag.py:4180} INFO - Setting next_dagrun for conditional_dataset_and_time_based_timetable to 2025-04-02 01:00:00+00:00, run_after=2025-04-02 01:00:00+00:00
[2025-04-05T11:24:30.089+0000] {logging_mixin.py:190} INFO - [2025-04-05T11:24:30.089+0000] {dag.py:4180} INFO - Setting next_dagrun for consume_1_and_2_with_dataset_expressions to None, run_after=None
[2025-04-05T11:24:30.090+0000] {logging_mixin.py:190} INFO - [2025-04-05T11:24:30.090+0000] {dag.py:4180} INFO - Setting next_dagrun for consume_1_or_2_with_dataset_expressions to None, run_after=None
[2025-04-05T11:24:30.091+0000] {logging_mixin.py:190} INFO - [2025-04-05T11:24:30.091+0000] {dag.py:4180} INFO - Setting next_dagrun for consume_1_or_both_2_and_3_with_dataset_expressions to None, run_after=None
[2025-04-05T11:24:30.091+0000] {logging_mixin.py:190} INFO - [2025-04-05T11:24:30.091+0000] {dag.py:4180} INFO - Setting next_dagrun for dataset_consumes_1 to None, run_after=None
[2025-04-05T11:24:30.092+0000] {logging_mixin.py:190} INFO - [2025-04-05T11:24:30.092+0000] {dag.py:4180} INFO - Setting next_dagrun for dataset_consumes_1_and_2 to None, run_after=None
[2025-04-05T11:24:30.092+0000] {logging_mixin.py:190} INFO - [2025-04-05T11:24:30.092+0000] {dag.py:4180} INFO - Setting next_dagrun for dataset_consumes_1_never_scheduled to None, run_after=None
[2025-04-05T11:24:30.093+0000] {logging_mixin.py:190} INFO - [2025-04-05T11:24:30.093+0000] {dag.py:4180} INFO - Setting next_dagrun for dataset_consumes_unknown_never_scheduled to None, run_after=None
[2025-04-05T11:24:30.094+0000] {logging_mixin.py:190} INFO - [2025-04-05T11:24:30.094+0000] {dag.py:4180} INFO - Setting next_dagrun for dataset_produces_1 to 2025-04-04 00:00:00+00:00, run_after=2025-04-05 00:00:00+00:00
[2025-04-05T11:24:30.094+0000] {logging_mixin.py:190} INFO - [2025-04-05T11:24:30.094+0000] {dag.py:4180} INFO - Setting next_dagrun for dataset_produces_2 to None, run_after=None
[2025-04-05T11:24:30.111+0000] {processor.py:208} INFO - Processing /home/airflow/.local/lib/python3.12/site-packages/airflow/example_dags/example_datasets.py took 0.482 seconds
[2025-04-05T11:25:00.691+0000] {processor.py:186} INFO - Started process (PID=310) to work on /home/airflow/.local/lib/python3.12/site-packages/airflow/example_dags/example_datasets.py
[2025-04-05T11:25:00.696+0000] {processor.py:914} INFO - Processing file /home/airflow/.local/lib/python3.12/site-packages/airflow/example_dags/example_datasets.py for tasks to queue
[2025-04-05T11:25:00.698+0000] {logging_mixin.py:190} INFO - [2025-04-05T11:25:00.698+0000] {dagbag.py:588} INFO - Filling up the DagBag from /home/airflow/.local/lib/python3.12/site-packages/airflow/example_dags/example_datasets.py
[2025-04-05T11:25:01.072+0000] {processor.py:925} INFO - DAG(s) 'conditional_dataset_and_time_based_timetable', 'dataset_produces_1', 'consume_1_or_both_2_and_3_with_dataset_expressions', 'dataset_consumes_1', 'dataset_consumes_unknown_never_scheduled', 'consume_1_and_2_with_dataset_expressions', 'dataset_produces_2', 'dataset_consumes_1_and_2', 'dataset_consumes_1_never_scheduled', 'consume_1_or_2_with_dataset_expressions' retrieved from /home/airflow/.local/lib/python3.12/site-packages/airflow/example_dags/example_datasets.py
[2025-04-05T11:25:01.095+0000] {logging_mixin.py:190} INFO - [2025-04-05T11:25:01.095+0000] {dag.py:3239} INFO - Sync 10 DAGs
[2025-04-05T11:25:01.108+0000] {logging_mixin.py:190} INFO - [2025-04-05T11:25:01.108+0000] {dag.py:4180} INFO - Setting next_dagrun for conditional_dataset_and_time_based_timetable to 2025-04-02 01:00:00+00:00, run_after=2025-04-02 01:00:00+00:00
[2025-04-05T11:25:01.113+0000] {logging_mixin.py:190} INFO - [2025-04-05T11:25:01.112+0000] {dag.py:4180} INFO - Setting next_dagrun for consume_1_and_2_with_dataset_expressions to None, run_after=None
[2025-04-05T11:25:01.113+0000] {logging_mixin.py:190} INFO - [2025-04-05T11:25:01.113+0000] {dag.py:4180} INFO - Setting next_dagrun for consume_1_or_2_with_dataset_expressions to None, run_after=None
[2025-04-05T11:25:01.114+0000] {logging_mixin.py:190} INFO - [2025-04-05T11:25:01.114+0000] {dag.py:4180} INFO - Setting next_dagrun for consume_1_or_both_2_and_3_with_dataset_expressions to None, run_after=None
[2025-04-05T11:25:01.115+0000] {logging_mixin.py:190} INFO - [2025-04-05T11:25:01.115+0000] {dag.py:4180} INFO - Setting next_dagrun for dataset_consumes_1 to None, run_after=None
[2025-04-05T11:25:01.116+0000] {logging_mixin.py:190} INFO - [2025-04-05T11:25:01.116+0000] {dag.py:4180} INFO - Setting next_dagrun for dataset_consumes_1_and_2 to None, run_after=None
[2025-04-05T11:25:01.117+0000] {logging_mixin.py:190} INFO - [2025-04-05T11:25:01.117+0000] {dag.py:4180} INFO - Setting next_dagrun for dataset_consumes_1_never_scheduled to None, run_after=None
[2025-04-05T11:25:01.118+0000] {logging_mixin.py:190} INFO - [2025-04-05T11:25:01.118+0000] {dag.py:4180} INFO - Setting next_dagrun for dataset_consumes_unknown_never_scheduled to None, run_after=None
[2025-04-05T11:25:01.120+0000] {logging_mixin.py:190} INFO - [2025-04-05T11:25:01.120+0000] {dag.py:4180} INFO - Setting next_dagrun for dataset_produces_1 to 2025-04-04 00:00:00+00:00, run_after=2025-04-05 00:00:00+00:00
[2025-04-05T11:25:01.120+0000] {logging_mixin.py:190} INFO - [2025-04-05T11:25:01.120+0000] {dag.py:4180} INFO - Setting next_dagrun for dataset_produces_2 to None, run_after=None
[2025-04-05T11:25:01.137+0000] {processor.py:208} INFO - Processing /home/airflow/.local/lib/python3.12/site-packages/airflow/example_dags/example_datasets.py took 0.452 seconds
[2025-04-05T11:25:31.233+0000] {processor.py:186} INFO - Started process (PID=373) to work on /home/airflow/.local/lib/python3.12/site-packages/airflow/example_dags/example_datasets.py
[2025-04-05T11:25:31.235+0000] {processor.py:914} INFO - Processing file /home/airflow/.local/lib/python3.12/site-packages/airflow/example_dags/example_datasets.py for tasks to queue
[2025-04-05T11:25:31.238+0000] {logging_mixin.py:190} INFO - [2025-04-05T11:25:31.238+0000] {dagbag.py:588} INFO - Filling up the DagBag from /home/airflow/.local/lib/python3.12/site-packages/airflow/example_dags/example_datasets.py
[2025-04-05T11:25:32.149+0000] {processor.py:925} INFO - DAG(s) 'consume_1_or_both_2_and_3_with_dataset_expressions', 'dataset_consumes_1_and_2', 'consume_1_and_2_with_dataset_expressions', 'dataset_consumes_1', 'dataset_produces_2', 'dataset_produces_1', 'conditional_dataset_and_time_based_timetable', 'dataset_consumes_unknown_never_scheduled', 'consume_1_or_2_with_dataset_expressions', 'dataset_consumes_1_never_scheduled' retrieved from /home/airflow/.local/lib/python3.12/site-packages/airflow/example_dags/example_datasets.py
[2025-04-05T11:25:32.187+0000] {logging_mixin.py:190} INFO - [2025-04-05T11:25:32.187+0000] {dag.py:3239} INFO - Sync 10 DAGs
[2025-04-05T11:25:32.230+0000] {logging_mixin.py:190} INFO - [2025-04-05T11:25:32.229+0000] {dag.py:4180} INFO - Setting next_dagrun for conditional_dataset_and_time_based_timetable to 2025-04-02 01:00:00+00:00, run_after=2025-04-02 01:00:00+00:00
[2025-04-05T11:25:32.236+0000] {logging_mixin.py:190} INFO - [2025-04-05T11:25:32.236+0000] {dag.py:4180} INFO - Setting next_dagrun for consume_1_and_2_with_dataset_expressions to None, run_after=None
[2025-04-05T11:25:32.239+0000] {logging_mixin.py:190} INFO - [2025-04-05T11:25:32.239+0000] {dag.py:4180} INFO - Setting next_dagrun for consume_1_or_2_with_dataset_expressions to None, run_after=None
[2025-04-05T11:25:32.241+0000] {logging_mixin.py:190} INFO - [2025-04-05T11:25:32.240+0000] {dag.py:4180} INFO - Setting next_dagrun for consume_1_or_both_2_and_3_with_dataset_expressions to None, run_after=None
[2025-04-05T11:25:32.243+0000] {logging_mixin.py:190} INFO - [2025-04-05T11:25:32.243+0000] {dag.py:4180} INFO - Setting next_dagrun for dataset_consumes_1 to None, run_after=None
[2025-04-05T11:25:32.244+0000] {logging_mixin.py:190} INFO - [2025-04-05T11:25:32.244+0000] {dag.py:4180} INFO - Setting next_dagrun for dataset_consumes_1_and_2 to None, run_after=None
[2025-04-05T11:25:32.245+0000] {logging_mixin.py:190} INFO - [2025-04-05T11:25:32.245+0000] {dag.py:4180} INFO - Setting next_dagrun for dataset_consumes_1_never_scheduled to None, run_after=None
[2025-04-05T11:25:32.246+0000] {logging_mixin.py:190} INFO - [2025-04-05T11:25:32.246+0000] {dag.py:4180} INFO - Setting next_dagrun for dataset_consumes_unknown_never_scheduled to None, run_after=None
[2025-04-05T11:25:32.250+0000] {logging_mixin.py:190} INFO - [2025-04-05T11:25:32.250+0000] {dag.py:4180} INFO - Setting next_dagrun for dataset_produces_1 to 2025-04-04 00:00:00+00:00, run_after=2025-04-05 00:00:00+00:00
[2025-04-05T11:25:32.251+0000] {logging_mixin.py:190} INFO - [2025-04-05T11:25:32.251+0000] {dag.py:4180} INFO - Setting next_dagrun for dataset_produces_2 to None, run_after=None
[2025-04-05T11:25:32.273+0000] {processor.py:208} INFO - Processing /home/airflow/.local/lib/python3.12/site-packages/airflow/example_dags/example_datasets.py took 1.062 seconds
[2025-04-05T11:26:02.950+0000] {processor.py:186} INFO - Started process (PID=436) to work on /home/airflow/.local/lib/python3.12/site-packages/airflow/example_dags/example_datasets.py
[2025-04-05T11:26:02.952+0000] {processor.py:914} INFO - Processing file /home/airflow/.local/lib/python3.12/site-packages/airflow/example_dags/example_datasets.py for tasks to queue
[2025-04-05T11:26:02.953+0000] {logging_mixin.py:190} INFO - [2025-04-05T11:26:02.953+0000] {dagbag.py:588} INFO - Filling up the DagBag from /home/airflow/.local/lib/python3.12/site-packages/airflow/example_dags/example_datasets.py
[2025-04-05T11:26:03.558+0000] {processor.py:925} INFO - DAG(s) 'dataset_consumes_unknown_never_scheduled', 'consume_1_and_2_with_dataset_expressions', 'consume_1_or_both_2_and_3_with_dataset_expressions', 'dataset_consumes_1', 'dataset_produces_2', 'dataset_consumes_1_never_scheduled', 'consume_1_or_2_with_dataset_expressions', 'conditional_dataset_and_time_based_timetable', 'dataset_produces_1', 'dataset_consumes_1_and_2' retrieved from /home/airflow/.local/lib/python3.12/site-packages/airflow/example_dags/example_datasets.py
[2025-04-05T11:26:03.595+0000] {logging_mixin.py:190} INFO - [2025-04-05T11:26:03.595+0000] {dag.py:3239} INFO - Sync 10 DAGs
[2025-04-05T11:26:03.628+0000] {logging_mixin.py:190} INFO - [2025-04-05T11:26:03.628+0000] {dag.py:4180} INFO - Setting next_dagrun for conditional_dataset_and_time_based_timetable to 2025-04-02 01:00:00+00:00, run_after=2025-04-02 01:00:00+00:00
[2025-04-05T11:26:03.632+0000] {logging_mixin.py:190} INFO - [2025-04-05T11:26:03.632+0000] {dag.py:4180} INFO - Setting next_dagrun for consume_1_and_2_with_dataset_expressions to None, run_after=None
[2025-04-05T11:26:03.633+0000] {logging_mixin.py:190} INFO - [2025-04-05T11:26:03.633+0000] {dag.py:4180} INFO - Setting next_dagrun for consume_1_or_2_with_dataset_expressions to None, run_after=None
[2025-04-05T11:26:03.634+0000] {logging_mixin.py:190} INFO - [2025-04-05T11:26:03.634+0000] {dag.py:4180} INFO - Setting next_dagrun for consume_1_or_both_2_and_3_with_dataset_expressions to None, run_after=None
[2025-04-05T11:26:03.635+0000] {logging_mixin.py:190} INFO - [2025-04-05T11:26:03.635+0000] {dag.py:4180} INFO - Setting next_dagrun for dataset_consumes_1 to None, run_after=None
[2025-04-05T11:26:03.638+0000] {logging_mixin.py:190} INFO - [2025-04-05T11:26:03.638+0000] {dag.py:4180} INFO - Setting next_dagrun for dataset_consumes_1_and_2 to None, run_after=None
[2025-04-05T11:26:03.639+0000] {logging_mixin.py:190} INFO - [2025-04-05T11:26:03.639+0000] {dag.py:4180} INFO - Setting next_dagrun for dataset_consumes_1_never_scheduled to None, run_after=None
[2025-04-05T11:26:03.641+0000] {logging_mixin.py:190} INFO - [2025-04-05T11:26:03.641+0000] {dag.py:4180} INFO - Setting next_dagrun for dataset_consumes_unknown_never_scheduled to None, run_after=None
[2025-04-05T11:26:03.643+0000] {logging_mixin.py:190} INFO - [2025-04-05T11:26:03.643+0000] {dag.py:4180} INFO - Setting next_dagrun for dataset_produces_1 to 2025-04-04 00:00:00+00:00, run_after=2025-04-05 00:00:00+00:00
[2025-04-05T11:26:03.646+0000] {logging_mixin.py:190} INFO - [2025-04-05T11:26:03.646+0000] {dag.py:4180} INFO - Setting next_dagrun for dataset_produces_2 to None, run_after=None
[2025-04-05T11:26:03.683+0000] {processor.py:208} INFO - Processing /home/airflow/.local/lib/python3.12/site-packages/airflow/example_dags/example_datasets.py took 0.738 seconds
[2025-04-05T11:26:33.771+0000] {processor.py:186} INFO - Started process (PID=499) to work on /home/airflow/.local/lib/python3.12/site-packages/airflow/example_dags/example_datasets.py
[2025-04-05T11:26:33.773+0000] {processor.py:914} INFO - Processing file /home/airflow/.local/lib/python3.12/site-packages/airflow/example_dags/example_datasets.py for tasks to queue
[2025-04-05T11:26:33.776+0000] {logging_mixin.py:190} INFO - [2025-04-05T11:26:33.775+0000] {dagbag.py:588} INFO - Filling up the DagBag from /home/airflow/.local/lib/python3.12/site-packages/airflow/example_dags/example_datasets.py
[2025-04-05T11:26:34.260+0000] {processor.py:925} INFO - DAG(s) 'consume_1_or_2_with_dataset_expressions', 'dataset_consumes_1_never_scheduled', 'dataset_consumes_1', 'dataset_consumes_1_and_2', 'dataset_produces_1', 'consume_1_or_both_2_and_3_with_dataset_expressions', 'consume_1_and_2_with_dataset_expressions', 'dataset_produces_2', 'conditional_dataset_and_time_based_timetable', 'dataset_consumes_unknown_never_scheduled' retrieved from /home/airflow/.local/lib/python3.12/site-packages/airflow/example_dags/example_datasets.py
[2025-04-05T11:26:34.280+0000] {logging_mixin.py:190} INFO - [2025-04-05T11:26:34.279+0000] {dag.py:3239} INFO - Sync 10 DAGs
[2025-04-05T11:26:34.294+0000] {logging_mixin.py:190} INFO - [2025-04-05T11:26:34.294+0000] {dag.py:4180} INFO - Setting next_dagrun for conditional_dataset_and_time_based_timetable to 2025-04-02 01:00:00+00:00, run_after=2025-04-02 01:00:00+00:00
[2025-04-05T11:26:34.299+0000] {logging_mixin.py:190} INFO - [2025-04-05T11:26:34.299+0000] {dag.py:4180} INFO - Setting next_dagrun for consume_1_and_2_with_dataset_expressions to None, run_after=None
[2025-04-05T11:26:34.300+0000] {logging_mixin.py:190} INFO - [2025-04-05T11:26:34.300+0000] {dag.py:4180} INFO - Setting next_dagrun for consume_1_or_2_with_dataset_expressions to None, run_after=None
[2025-04-05T11:26:34.302+0000] {logging_mixin.py:190} INFO - [2025-04-05T11:26:34.301+0000] {dag.py:4180} INFO - Setting next_dagrun for consume_1_or_both_2_and_3_with_dataset_expressions to None, run_after=None
[2025-04-05T11:26:34.303+0000] {logging_mixin.py:190} INFO - [2025-04-05T11:26:34.302+0000] {dag.py:4180} INFO - Setting next_dagrun for dataset_consumes_1 to None, run_after=None
[2025-04-05T11:26:34.304+0000] {logging_mixin.py:190} INFO - [2025-04-05T11:26:34.304+0000] {dag.py:4180} INFO - Setting next_dagrun for dataset_consumes_1_and_2 to None, run_after=None
[2025-04-05T11:26:34.308+0000] {logging_mixin.py:190} INFO - [2025-04-05T11:26:34.307+0000] {dag.py:4180} INFO - Setting next_dagrun for dataset_consumes_1_never_scheduled to None, run_after=None
[2025-04-05T11:26:34.308+0000] {logging_mixin.py:190} INFO - [2025-04-05T11:26:34.308+0000] {dag.py:4180} INFO - Setting next_dagrun for dataset_consumes_unknown_never_scheduled to None, run_after=None
[2025-04-05T11:26:34.310+0000] {logging_mixin.py:190} INFO - [2025-04-05T11:26:34.309+0000] {dag.py:4180} INFO - Setting next_dagrun for dataset_produces_1 to 2025-04-04 00:00:00+00:00, run_after=2025-04-05 00:00:00+00:00
[2025-04-05T11:26:34.310+0000] {logging_mixin.py:190} INFO - [2025-04-05T11:26:34.310+0000] {dag.py:4180} INFO - Setting next_dagrun for dataset_produces_2 to None, run_after=None
[2025-04-05T11:26:34.336+0000] {processor.py:208} INFO - Processing /home/airflow/.local/lib/python3.12/site-packages/airflow/example_dags/example_datasets.py took 0.572 seconds
[2025-04-05T11:27:05.208+0000] {processor.py:186} INFO - Started process (PID=562) to work on /home/airflow/.local/lib/python3.12/site-packages/airflow/example_dags/example_datasets.py
[2025-04-05T11:27:05.209+0000] {processor.py:914} INFO - Processing file /home/airflow/.local/lib/python3.12/site-packages/airflow/example_dags/example_datasets.py for tasks to queue
[2025-04-05T11:27:05.211+0000] {logging_mixin.py:190} INFO - [2025-04-05T11:27:05.211+0000] {dagbag.py:588} INFO - Filling up the DagBag from /home/airflow/.local/lib/python3.12/site-packages/airflow/example_dags/example_datasets.py
[2025-04-05T11:27:05.710+0000] {processor.py:925} INFO - DAG(s) 'dataset_consumes_1', 'dataset_consumes_1_never_scheduled', 'dataset_produces_1', 'dataset_produces_2', 'consume_1_or_both_2_and_3_with_dataset_expressions', 'consume_1_and_2_with_dataset_expressions', 'dataset_consumes_unknown_never_scheduled', 'dataset_consumes_1_and_2', 'conditional_dataset_and_time_based_timetable', 'consume_1_or_2_with_dataset_expressions' retrieved from /home/airflow/.local/lib/python3.12/site-packages/airflow/example_dags/example_datasets.py
[2025-04-05T11:27:05.736+0000] {logging_mixin.py:190} INFO - [2025-04-05T11:27:05.736+0000] {dag.py:3239} INFO - Sync 10 DAGs
[2025-04-05T11:27:05.750+0000] {logging_mixin.py:190} INFO - [2025-04-05T11:27:05.750+0000] {dag.py:4180} INFO - Setting next_dagrun for conditional_dataset_and_time_based_timetable to 2025-04-02 01:00:00+00:00, run_after=2025-04-02 01:00:00+00:00
[2025-04-05T11:27:05.755+0000] {logging_mixin.py:190} INFO - [2025-04-05T11:27:05.755+0000] {dag.py:4180} INFO - Setting next_dagrun for consume_1_and_2_with_dataset_expressions to None, run_after=None
[2025-04-05T11:27:05.756+0000] {logging_mixin.py:190} INFO - [2025-04-05T11:27:05.756+0000] {dag.py:4180} INFO - Setting next_dagrun for consume_1_or_2_with_dataset_expressions to None, run_after=None
[2025-04-05T11:27:05.757+0000] {logging_mixin.py:190} INFO - [2025-04-05T11:27:05.757+0000] {dag.py:4180} INFO - Setting next_dagrun for consume_1_or_both_2_and_3_with_dataset_expressions to None, run_after=None
[2025-04-05T11:27:05.758+0000] {logging_mixin.py:190} INFO - [2025-04-05T11:27:05.758+0000] {dag.py:4180} INFO - Setting next_dagrun for dataset_consumes_1 to None, run_after=None
[2025-04-05T11:27:05.759+0000] {logging_mixin.py:190} INFO - [2025-04-05T11:27:05.759+0000] {dag.py:4180} INFO - Setting next_dagrun for dataset_consumes_1_and_2 to None, run_after=None
[2025-04-05T11:27:05.761+0000] {logging_mixin.py:190} INFO - [2025-04-05T11:27:05.761+0000] {dag.py:4180} INFO - Setting next_dagrun for dataset_consumes_1_never_scheduled to None, run_after=None
[2025-04-05T11:27:05.762+0000] {logging_mixin.py:190} INFO - [2025-04-05T11:27:05.762+0000] {dag.py:4180} INFO - Setting next_dagrun for dataset_consumes_unknown_never_scheduled to None, run_after=None
[2025-04-05T11:27:05.763+0000] {logging_mixin.py:190} INFO - [2025-04-05T11:27:05.763+0000] {dag.py:4180} INFO - Setting next_dagrun for dataset_produces_1 to 2025-04-04 00:00:00+00:00, run_after=2025-04-05 00:00:00+00:00
[2025-04-05T11:27:05.765+0000] {logging_mixin.py:190} INFO - [2025-04-05T11:27:05.765+0000] {dag.py:4180} INFO - Setting next_dagrun for dataset_produces_2 to None, run_after=None
[2025-04-05T11:27:05.784+0000] {processor.py:208} INFO - Processing /home/airflow/.local/lib/python3.12/site-packages/airflow/example_dags/example_datasets.py took 0.582 seconds
[2025-04-05T11:32:00.901+0000] {processor.py:186} INFO - Started process (PID=121) to work on /home/airflow/.local/lib/python3.12/site-packages/airflow/example_dags/example_datasets.py
[2025-04-05T11:32:00.902+0000] {processor.py:914} INFO - Processing file /home/airflow/.local/lib/python3.12/site-packages/airflow/example_dags/example_datasets.py for tasks to queue
[2025-04-05T11:32:00.904+0000] {logging_mixin.py:190} INFO - [2025-04-05T11:32:00.904+0000] {dagbag.py:588} INFO - Filling up the DagBag from /home/airflow/.local/lib/python3.12/site-packages/airflow/example_dags/example_datasets.py
[2025-04-05T11:32:01.471+0000] {processor.py:925} INFO - DAG(s) 'conditional_dataset_and_time_based_timetable', 'consume_1_and_2_with_dataset_expressions', 'dataset_produces_1', 'dataset_consumes_1_and_2', 'dataset_produces_2', 'consume_1_or_both_2_and_3_with_dataset_expressions', 'dataset_consumes_1', 'consume_1_or_2_with_dataset_expressions', 'dataset_consumes_unknown_never_scheduled', 'dataset_consumes_1_never_scheduled' retrieved from /home/airflow/.local/lib/python3.12/site-packages/airflow/example_dags/example_datasets.py
[2025-04-05T11:32:01.494+0000] {logging_mixin.py:190} INFO - [2025-04-05T11:32:01.494+0000] {dag.py:3239} INFO - Sync 10 DAGs
[2025-04-05T11:32:01.515+0000] {logging_mixin.py:190} INFO - [2025-04-05T11:32:01.515+0000] {dag.py:4180} INFO - Setting next_dagrun for conditional_dataset_and_time_based_timetable to 2025-04-02 01:00:00+00:00, run_after=2025-04-02 01:00:00+00:00
[2025-04-05T11:32:01.522+0000] {logging_mixin.py:190} INFO - [2025-04-05T11:32:01.522+0000] {dag.py:4180} INFO - Setting next_dagrun for consume_1_and_2_with_dataset_expressions to None, run_after=None
[2025-04-05T11:32:01.524+0000] {logging_mixin.py:190} INFO - [2025-04-05T11:32:01.524+0000] {dag.py:4180} INFO - Setting next_dagrun for consume_1_or_2_with_dataset_expressions to None, run_after=None
[2025-04-05T11:32:01.526+0000] {logging_mixin.py:190} INFO - [2025-04-05T11:32:01.526+0000] {dag.py:4180} INFO - Setting next_dagrun for consume_1_or_both_2_and_3_with_dataset_expressions to None, run_after=None
[2025-04-05T11:32:01.528+0000] {logging_mixin.py:190} INFO - [2025-04-05T11:32:01.527+0000] {dag.py:4180} INFO - Setting next_dagrun for dataset_consumes_1 to None, run_after=None
[2025-04-05T11:32:01.529+0000] {logging_mixin.py:190} INFO - [2025-04-05T11:32:01.529+0000] {dag.py:4180} INFO - Setting next_dagrun for dataset_consumes_1_and_2 to None, run_after=None
[2025-04-05T11:32:01.530+0000] {logging_mixin.py:190} INFO - [2025-04-05T11:32:01.530+0000] {dag.py:4180} INFO - Setting next_dagrun for dataset_consumes_1_never_scheduled to None, run_after=None
[2025-04-05T11:32:01.532+0000] {logging_mixin.py:190} INFO - [2025-04-05T11:32:01.532+0000] {dag.py:4180} INFO - Setting next_dagrun for dataset_consumes_unknown_never_scheduled to None, run_after=None
[2025-04-05T11:32:01.534+0000] {logging_mixin.py:190} INFO - [2025-04-05T11:32:01.534+0000] {dag.py:4180} INFO - Setting next_dagrun for dataset_produces_1 to 2025-04-04 00:00:00+00:00, run_after=2025-04-05 00:00:00+00:00
[2025-04-05T11:32:01.535+0000] {logging_mixin.py:190} INFO - [2025-04-05T11:32:01.535+0000] {dag.py:4180} INFO - Setting next_dagrun for dataset_produces_2 to None, run_after=None
[2025-04-05T11:32:01.573+0000] {processor.py:208} INFO - Processing /home/airflow/.local/lib/python3.12/site-packages/airflow/example_dags/example_datasets.py took 0.678 seconds
[2025-04-05T11:32:32.389+0000] {processor.py:186} INFO - Started process (PID=184) to work on /home/airflow/.local/lib/python3.12/site-packages/airflow/example_dags/example_datasets.py
[2025-04-05T11:32:32.390+0000] {processor.py:914} INFO - Processing file /home/airflow/.local/lib/python3.12/site-packages/airflow/example_dags/example_datasets.py for tasks to queue
[2025-04-05T11:32:32.392+0000] {logging_mixin.py:190} INFO - [2025-04-05T11:32:32.392+0000] {dagbag.py:588} INFO - Filling up the DagBag from /home/airflow/.local/lib/python3.12/site-packages/airflow/example_dags/example_datasets.py
[2025-04-05T11:32:32.882+0000] {processor.py:925} INFO - DAG(s) 'consume_1_or_both_2_and_3_with_dataset_expressions', 'dataset_consumes_1', 'consume_1_or_2_with_dataset_expressions', 'dataset_consumes_unknown_never_scheduled', 'dataset_consumes_1_and_2', 'conditional_dataset_and_time_based_timetable', 'dataset_produces_1', 'dataset_consumes_1_never_scheduled', 'consume_1_and_2_with_dataset_expressions', 'dataset_produces_2' retrieved from /home/airflow/.local/lib/python3.12/site-packages/airflow/example_dags/example_datasets.py
[2025-04-05T11:32:32.934+0000] {logging_mixin.py:190} INFO - [2025-04-05T11:32:32.934+0000] {dag.py:3239} INFO - Sync 10 DAGs
[2025-04-05T11:32:32.948+0000] {logging_mixin.py:190} INFO - [2025-04-05T11:32:32.948+0000] {dag.py:4180} INFO - Setting next_dagrun for conditional_dataset_and_time_based_timetable to 2025-04-02 01:00:00+00:00, run_after=2025-04-02 01:00:00+00:00
[2025-04-05T11:32:32.953+0000] {logging_mixin.py:190} INFO - [2025-04-05T11:32:32.952+0000] {dag.py:4180} INFO - Setting next_dagrun for consume_1_and_2_with_dataset_expressions to None, run_after=None
[2025-04-05T11:32:32.954+0000] {logging_mixin.py:190} INFO - [2025-04-05T11:32:32.954+0000] {dag.py:4180} INFO - Setting next_dagrun for consume_1_or_2_with_dataset_expressions to None, run_after=None
[2025-04-05T11:32:32.954+0000] {logging_mixin.py:190} INFO - [2025-04-05T11:32:32.954+0000] {dag.py:4180} INFO - Setting next_dagrun for consume_1_or_both_2_and_3_with_dataset_expressions to None, run_after=None
[2025-04-05T11:32:32.955+0000] {logging_mixin.py:190} INFO - [2025-04-05T11:32:32.955+0000] {dag.py:4180} INFO - Setting next_dagrun for dataset_consumes_1 to None, run_after=None
[2025-04-05T11:32:32.956+0000] {logging_mixin.py:190} INFO - [2025-04-05T11:32:32.956+0000] {dag.py:4180} INFO - Setting next_dagrun for dataset_consumes_1_and_2 to None, run_after=None
[2025-04-05T11:32:32.957+0000] {logging_mixin.py:190} INFO - [2025-04-05T11:32:32.957+0000] {dag.py:4180} INFO - Setting next_dagrun for dataset_consumes_1_never_scheduled to None, run_after=None
[2025-04-05T11:32:32.958+0000] {logging_mixin.py:190} INFO - [2025-04-05T11:32:32.958+0000] {dag.py:4180} INFO - Setting next_dagrun for dataset_consumes_unknown_never_scheduled to None, run_after=None
[2025-04-05T11:32:32.960+0000] {logging_mixin.py:190} INFO - [2025-04-05T11:32:32.960+0000] {dag.py:4180} INFO - Setting next_dagrun for dataset_produces_1 to 2025-04-04 00:00:00+00:00, run_after=2025-04-05 00:00:00+00:00
[2025-04-05T11:32:32.960+0000] {logging_mixin.py:190} INFO - [2025-04-05T11:32:32.960+0000] {dag.py:4180} INFO - Setting next_dagrun for dataset_produces_2 to None, run_after=None
[2025-04-05T11:32:32.981+0000] {processor.py:208} INFO - Processing /home/airflow/.local/lib/python3.12/site-packages/airflow/example_dags/example_datasets.py took 0.598 seconds
[2025-04-05T11:39:09.716+0000] {processor.py:186} INFO - Started process (PID=126) to work on /home/airflow/.local/lib/python3.12/site-packages/airflow/example_dags/example_datasets.py
[2025-04-05T11:39:09.717+0000] {processor.py:914} INFO - Processing file /home/airflow/.local/lib/python3.12/site-packages/airflow/example_dags/example_datasets.py for tasks to queue
[2025-04-05T11:39:09.719+0000] {logging_mixin.py:190} INFO - [2025-04-05T11:39:09.719+0000] {dagbag.py:588} INFO - Filling up the DagBag from /home/airflow/.local/lib/python3.12/site-packages/airflow/example_dags/example_datasets.py
[2025-04-05T11:39:10.359+0000] {processor.py:925} INFO - DAG(s) 'dataset_produces_2', 'dataset_consumes_unknown_never_scheduled', 'consume_1_or_both_2_and_3_with_dataset_expressions', 'consume_1_and_2_with_dataset_expressions', 'dataset_produces_1', 'consume_1_or_2_with_dataset_expressions', 'conditional_dataset_and_time_based_timetable', 'dataset_consumes_1', 'dataset_consumes_1_and_2', 'dataset_consumes_1_never_scheduled' retrieved from /home/airflow/.local/lib/python3.12/site-packages/airflow/example_dags/example_datasets.py
[2025-04-05T11:39:10.405+0000] {logging_mixin.py:190} INFO - [2025-04-05T11:39:10.405+0000] {dag.py:3239} INFO - Sync 10 DAGs
[2025-04-05T11:39:10.420+0000] {logging_mixin.py:190} INFO - [2025-04-05T11:39:10.420+0000] {dag.py:4180} INFO - Setting next_dagrun for conditional_dataset_and_time_based_timetable to 2025-04-02 01:00:00+00:00, run_after=2025-04-02 01:00:00+00:00
[2025-04-05T11:39:10.424+0000] {logging_mixin.py:190} INFO - [2025-04-05T11:39:10.424+0000] {dag.py:4180} INFO - Setting next_dagrun for consume_1_and_2_with_dataset_expressions to None, run_after=None
[2025-04-05T11:39:10.425+0000] {logging_mixin.py:190} INFO - [2025-04-05T11:39:10.425+0000] {dag.py:4180} INFO - Setting next_dagrun for consume_1_or_2_with_dataset_expressions to None, run_after=None
[2025-04-05T11:39:10.428+0000] {logging_mixin.py:190} INFO - [2025-04-05T11:39:10.428+0000] {dag.py:4180} INFO - Setting next_dagrun for consume_1_or_both_2_and_3_with_dataset_expressions to None, run_after=None
[2025-04-05T11:39:10.429+0000] {logging_mixin.py:190} INFO - [2025-04-05T11:39:10.429+0000] {dag.py:4180} INFO - Setting next_dagrun for dataset_consumes_1 to None, run_after=None
[2025-04-05T11:39:10.430+0000] {logging_mixin.py:190} INFO - [2025-04-05T11:39:10.430+0000] {dag.py:4180} INFO - Setting next_dagrun for dataset_consumes_1_and_2 to None, run_after=None
[2025-04-05T11:39:10.431+0000] {logging_mixin.py:190} INFO - [2025-04-05T11:39:10.431+0000] {dag.py:4180} INFO - Setting next_dagrun for dataset_consumes_1_never_scheduled to None, run_after=None
[2025-04-05T11:39:10.432+0000] {logging_mixin.py:190} INFO - [2025-04-05T11:39:10.432+0000] {dag.py:4180} INFO - Setting next_dagrun for dataset_consumes_unknown_never_scheduled to None, run_after=None
[2025-04-05T11:39:10.436+0000] {logging_mixin.py:190} INFO - [2025-04-05T11:39:10.436+0000] {dag.py:4180} INFO - Setting next_dagrun for dataset_produces_1 to 2025-04-04 00:00:00+00:00, run_after=2025-04-05 00:00:00+00:00
[2025-04-05T11:39:10.438+0000] {logging_mixin.py:190} INFO - [2025-04-05T11:39:10.438+0000] {dag.py:4180} INFO - Setting next_dagrun for dataset_produces_2 to None, run_after=None
[2025-04-05T11:39:10.460+0000] {processor.py:208} INFO - Processing /home/airflow/.local/lib/python3.12/site-packages/airflow/example_dags/example_datasets.py took 0.748 seconds
[2025-04-05T11:39:40.988+0000] {processor.py:186} INFO - Started process (PID=190) to work on /home/airflow/.local/lib/python3.12/site-packages/airflow/example_dags/example_datasets.py
[2025-04-05T11:39:40.990+0000] {processor.py:914} INFO - Processing file /home/airflow/.local/lib/python3.12/site-packages/airflow/example_dags/example_datasets.py for tasks to queue
[2025-04-05T11:39:40.991+0000] {logging_mixin.py:190} INFO - [2025-04-05T11:39:40.991+0000] {dagbag.py:588} INFO - Filling up the DagBag from /home/airflow/.local/lib/python3.12/site-packages/airflow/example_dags/example_datasets.py
[2025-04-05T11:39:41.701+0000] {processor.py:925} INFO - DAG(s) 'dataset_consumes_1_never_scheduled', 'dataset_produces_1', 'dataset_consumes_1', 'dataset_produces_2', 'dataset_consumes_1_and_2', 'consume_1_or_2_with_dataset_expressions', 'consume_1_or_both_2_and_3_with_dataset_expressions', 'dataset_consumes_unknown_never_scheduled', 'consume_1_and_2_with_dataset_expressions', 'conditional_dataset_and_time_based_timetable' retrieved from /home/airflow/.local/lib/python3.12/site-packages/airflow/example_dags/example_datasets.py
[2025-04-05T11:39:41.755+0000] {logging_mixin.py:190} INFO - [2025-04-05T11:39:41.755+0000] {dag.py:3239} INFO - Sync 10 DAGs
[2025-04-05T11:39:41.771+0000] {logging_mixin.py:190} INFO - [2025-04-05T11:39:41.771+0000] {dag.py:4180} INFO - Setting next_dagrun for conditional_dataset_and_time_based_timetable to 2025-04-02 01:00:00+00:00, run_after=2025-04-02 01:00:00+00:00
[2025-04-05T11:39:41.774+0000] {logging_mixin.py:190} INFO - [2025-04-05T11:39:41.774+0000] {dag.py:4180} INFO - Setting next_dagrun for consume_1_and_2_with_dataset_expressions to None, run_after=None
[2025-04-05T11:39:41.775+0000] {logging_mixin.py:190} INFO - [2025-04-05T11:39:41.775+0000] {dag.py:4180} INFO - Setting next_dagrun for consume_1_or_2_with_dataset_expressions to None, run_after=None
[2025-04-05T11:39:41.776+0000] {logging_mixin.py:190} INFO - [2025-04-05T11:39:41.776+0000] {dag.py:4180} INFO - Setting next_dagrun for consume_1_or_both_2_and_3_with_dataset_expressions to None, run_after=None
[2025-04-05T11:39:41.780+0000] {logging_mixin.py:190} INFO - [2025-04-05T11:39:41.780+0000] {dag.py:4180} INFO - Setting next_dagrun for dataset_consumes_1 to None, run_after=None
[2025-04-05T11:39:41.781+0000] {logging_mixin.py:190} INFO - [2025-04-05T11:39:41.781+0000] {dag.py:4180} INFO - Setting next_dagrun for dataset_consumes_1_and_2 to None, run_after=None
[2025-04-05T11:39:41.782+0000] {logging_mixin.py:190} INFO - [2025-04-05T11:39:41.781+0000] {dag.py:4180} INFO - Setting next_dagrun for dataset_consumes_1_never_scheduled to None, run_after=None
[2025-04-05T11:39:41.783+0000] {logging_mixin.py:190} INFO - [2025-04-05T11:39:41.783+0000] {dag.py:4180} INFO - Setting next_dagrun for dataset_consumes_unknown_never_scheduled to None, run_after=None
[2025-04-05T11:39:41.784+0000] {logging_mixin.py:190} INFO - [2025-04-05T11:39:41.784+0000] {dag.py:4180} INFO - Setting next_dagrun for dataset_produces_1 to 2025-04-04 00:00:00+00:00, run_after=2025-04-05 00:00:00+00:00
[2025-04-05T11:39:41.788+0000] {logging_mixin.py:190} INFO - [2025-04-05T11:39:41.788+0000] {dag.py:4180} INFO - Setting next_dagrun for dataset_produces_2 to None, run_after=None
[2025-04-05T11:39:41.810+0000] {processor.py:208} INFO - Processing /home/airflow/.local/lib/python3.12/site-packages/airflow/example_dags/example_datasets.py took 0.827 seconds
[2025-04-05T11:40:12.599+0000] {processor.py:186} INFO - Started process (PID=253) to work on /home/airflow/.local/lib/python3.12/site-packages/airflow/example_dags/example_datasets.py
[2025-04-05T11:40:12.604+0000] {processor.py:914} INFO - Processing file /home/airflow/.local/lib/python3.12/site-packages/airflow/example_dags/example_datasets.py for tasks to queue
[2025-04-05T11:40:12.609+0000] {logging_mixin.py:190} INFO - [2025-04-05T11:40:12.609+0000] {dagbag.py:588} INFO - Filling up the DagBag from /home/airflow/.local/lib/python3.12/site-packages/airflow/example_dags/example_datasets.py
[2025-04-05T11:40:13.038+0000] {processor.py:925} INFO - DAG(s) 'dataset_consumes_unknown_never_scheduled', 'consume_1_or_2_with_dataset_expressions', 'dataset_produces_2', 'dataset_produces_1', 'consume_1_and_2_with_dataset_expressions', 'dataset_consumes_1', 'dataset_consumes_1_and_2', 'conditional_dataset_and_time_based_timetable', 'dataset_consumes_1_never_scheduled', 'consume_1_or_both_2_and_3_with_dataset_expressions' retrieved from /home/airflow/.local/lib/python3.12/site-packages/airflow/example_dags/example_datasets.py
[2025-04-05T11:40:13.068+0000] {logging_mixin.py:190} INFO - [2025-04-05T11:40:13.068+0000] {dag.py:3239} INFO - Sync 10 DAGs
[2025-04-05T11:40:13.078+0000] {logging_mixin.py:190} INFO - [2025-04-05T11:40:13.078+0000] {dag.py:4180} INFO - Setting next_dagrun for conditional_dataset_and_time_based_timetable to 2025-04-02 01:00:00+00:00, run_after=2025-04-02 01:00:00+00:00
[2025-04-05T11:40:13.081+0000] {logging_mixin.py:190} INFO - [2025-04-05T11:40:13.081+0000] {dag.py:4180} INFO - Setting next_dagrun for consume_1_and_2_with_dataset_expressions to None, run_after=None
[2025-04-05T11:40:13.083+0000] {logging_mixin.py:190} INFO - [2025-04-05T11:40:13.082+0000] {dag.py:4180} INFO - Setting next_dagrun for consume_1_or_2_with_dataset_expressions to None, run_after=None
[2025-04-05T11:40:13.084+0000] {logging_mixin.py:190} INFO - [2025-04-05T11:40:13.084+0000] {dag.py:4180} INFO - Setting next_dagrun for consume_1_or_both_2_and_3_with_dataset_expressions to None, run_after=None
[2025-04-05T11:40:13.085+0000] {logging_mixin.py:190} INFO - [2025-04-05T11:40:13.085+0000] {dag.py:4180} INFO - Setting next_dagrun for dataset_consumes_1 to None, run_after=None
[2025-04-05T11:40:13.085+0000] {logging_mixin.py:190} INFO - [2025-04-05T11:40:13.085+0000] {dag.py:4180} INFO - Setting next_dagrun for dataset_consumes_1_and_2 to None, run_after=None
[2025-04-05T11:40:13.089+0000] {logging_mixin.py:190} INFO - [2025-04-05T11:40:13.089+0000] {dag.py:4180} INFO - Setting next_dagrun for dataset_consumes_1_never_scheduled to None, run_after=None
[2025-04-05T11:40:13.089+0000] {logging_mixin.py:190} INFO - [2025-04-05T11:40:13.089+0000] {dag.py:4180} INFO - Setting next_dagrun for dataset_consumes_unknown_never_scheduled to None, run_after=None
[2025-04-05T11:40:13.091+0000] {logging_mixin.py:190} INFO - [2025-04-05T11:40:13.091+0000] {dag.py:4180} INFO - Setting next_dagrun for dataset_produces_1 to 2025-04-04 00:00:00+00:00, run_after=2025-04-05 00:00:00+00:00
[2025-04-05T11:40:13.092+0000] {logging_mixin.py:190} INFO - [2025-04-05T11:40:13.092+0000] {dag.py:4180} INFO - Setting next_dagrun for dataset_produces_2 to None, run_after=None
[2025-04-05T11:40:13.113+0000] {processor.py:208} INFO - Processing /home/airflow/.local/lib/python3.12/site-packages/airflow/example_dags/example_datasets.py took 0.521 seconds
[2025-04-05T11:40:43.522+0000] {processor.py:186} INFO - Started process (PID=316) to work on /home/airflow/.local/lib/python3.12/site-packages/airflow/example_dags/example_datasets.py
[2025-04-05T11:40:43.526+0000] {processor.py:914} INFO - Processing file /home/airflow/.local/lib/python3.12/site-packages/airflow/example_dags/example_datasets.py for tasks to queue
[2025-04-05T11:40:43.529+0000] {logging_mixin.py:190} INFO - [2025-04-05T11:40:43.529+0000] {dagbag.py:588} INFO - Filling up the DagBag from /home/airflow/.local/lib/python3.12/site-packages/airflow/example_dags/example_datasets.py
[2025-04-05T11:40:45.867+0000] {processor.py:925} INFO - DAG(s) 'consume_1_or_2_with_dataset_expressions', 'dataset_produces_1', 'consume_1_or_both_2_and_3_with_dataset_expressions', 'dataset_consumes_unknown_never_scheduled', 'consume_1_and_2_with_dataset_expressions', 'dataset_produces_2', 'dataset_consumes_1', 'dataset_consumes_1_and_2', 'conditional_dataset_and_time_based_timetable', 'dataset_consumes_1_never_scheduled' retrieved from /home/airflow/.local/lib/python3.12/site-packages/airflow/example_dags/example_datasets.py
[2025-04-05T11:40:45.932+0000] {logging_mixin.py:190} INFO - [2025-04-05T11:40:45.932+0000] {dag.py:3239} INFO - Sync 10 DAGs
[2025-04-05T11:40:45.988+0000] {logging_mixin.py:190} INFO - [2025-04-05T11:40:45.988+0000] {dag.py:4180} INFO - Setting next_dagrun for conditional_dataset_and_time_based_timetable to 2025-04-02 01:00:00+00:00, run_after=2025-04-02 01:00:00+00:00
[2025-04-05T11:40:45.991+0000] {logging_mixin.py:190} INFO - [2025-04-05T11:40:45.990+0000] {dag.py:4180} INFO - Setting next_dagrun for consume_1_and_2_with_dataset_expressions to None, run_after=None
[2025-04-05T11:40:45.991+0000] {logging_mixin.py:190} INFO - [2025-04-05T11:40:45.991+0000] {dag.py:4180} INFO - Setting next_dagrun for consume_1_or_2_with_dataset_expressions to None, run_after=None
[2025-04-05T11:40:45.992+0000] {logging_mixin.py:190} INFO - [2025-04-05T11:40:45.992+0000] {dag.py:4180} INFO - Setting next_dagrun for consume_1_or_both_2_and_3_with_dataset_expressions to None, run_after=None
[2025-04-05T11:40:45.994+0000] {logging_mixin.py:190} INFO - [2025-04-05T11:40:45.993+0000] {dag.py:4180} INFO - Setting next_dagrun for dataset_consumes_1 to None, run_after=None
[2025-04-05T11:40:45.995+0000] {logging_mixin.py:190} INFO - [2025-04-05T11:40:45.995+0000] {dag.py:4180} INFO - Setting next_dagrun for dataset_consumes_1_and_2 to None, run_after=None
[2025-04-05T11:40:45.999+0000] {logging_mixin.py:190} INFO - [2025-04-05T11:40:45.999+0000] {dag.py:4180} INFO - Setting next_dagrun for dataset_consumes_1_never_scheduled to None, run_after=None
[2025-04-05T11:40:46.000+0000] {logging_mixin.py:190} INFO - [2025-04-05T11:40:46.000+0000] {dag.py:4180} INFO - Setting next_dagrun for dataset_consumes_unknown_never_scheduled to None, run_after=None
[2025-04-05T11:40:46.001+0000] {logging_mixin.py:190} INFO - [2025-04-05T11:40:46.001+0000] {dag.py:4180} INFO - Setting next_dagrun for dataset_produces_1 to 2025-04-04 00:00:00+00:00, run_after=2025-04-05 00:00:00+00:00
[2025-04-05T11:40:46.002+0000] {logging_mixin.py:190} INFO - [2025-04-05T11:40:46.002+0000] {dag.py:4180} INFO - Setting next_dagrun for dataset_produces_2 to None, run_after=None
[2025-04-05T11:40:46.043+0000] {processor.py:208} INFO - Processing /home/airflow/.local/lib/python3.12/site-packages/airflow/example_dags/example_datasets.py took 2.525 seconds
[2025-04-05T11:41:16.574+0000] {processor.py:186} INFO - Started process (PID=379) to work on /home/airflow/.local/lib/python3.12/site-packages/airflow/example_dags/example_datasets.py
[2025-04-05T11:41:16.583+0000] {processor.py:914} INFO - Processing file /home/airflow/.local/lib/python3.12/site-packages/airflow/example_dags/example_datasets.py for tasks to queue
[2025-04-05T11:41:16.589+0000] {logging_mixin.py:190} INFO - [2025-04-05T11:41:16.589+0000] {dagbag.py:588} INFO - Filling up the DagBag from /home/airflow/.local/lib/python3.12/site-packages/airflow/example_dags/example_datasets.py
[2025-04-05T11:41:17.296+0000] {processor.py:925} INFO - DAG(s) 'dataset_produces_2', 'dataset_consumes_unknown_never_scheduled', 'dataset_consumes_1_never_scheduled', 'dataset_consumes_1_and_2', 'consume_1_or_2_with_dataset_expressions', 'consume_1_and_2_with_dataset_expressions', 'consume_1_or_both_2_and_3_with_dataset_expressions', 'conditional_dataset_and_time_based_timetable', 'dataset_consumes_1', 'dataset_produces_1' retrieved from /home/airflow/.local/lib/python3.12/site-packages/airflow/example_dags/example_datasets.py
[2025-04-05T11:41:17.345+0000] {logging_mixin.py:190} INFO - [2025-04-05T11:41:17.345+0000] {dag.py:3239} INFO - Sync 10 DAGs
[2025-04-05T11:41:17.368+0000] {logging_mixin.py:190} INFO - [2025-04-05T11:41:17.368+0000] {dag.py:4180} INFO - Setting next_dagrun for conditional_dataset_and_time_based_timetable to 2025-04-02 01:00:00+00:00, run_after=2025-04-02 01:00:00+00:00
[2025-04-05T11:41:17.372+0000] {logging_mixin.py:190} INFO - [2025-04-05T11:41:17.371+0000] {dag.py:4180} INFO - Setting next_dagrun for consume_1_and_2_with_dataset_expressions to None, run_after=None
[2025-04-05T11:41:17.375+0000] {logging_mixin.py:190} INFO - [2025-04-05T11:41:17.375+0000] {dag.py:4180} INFO - Setting next_dagrun for consume_1_or_2_with_dataset_expressions to None, run_after=None
[2025-04-05T11:41:17.377+0000] {logging_mixin.py:190} INFO - [2025-04-05T11:41:17.377+0000] {dag.py:4180} INFO - Setting next_dagrun for consume_1_or_both_2_and_3_with_dataset_expressions to None, run_after=None
[2025-04-05T11:41:17.379+0000] {logging_mixin.py:190} INFO - [2025-04-05T11:41:17.379+0000] {dag.py:4180} INFO - Setting next_dagrun for dataset_consumes_1 to None, run_after=None
[2025-04-05T11:41:17.381+0000] {logging_mixin.py:190} INFO - [2025-04-05T11:41:17.381+0000] {dag.py:4180} INFO - Setting next_dagrun for dataset_consumes_1_and_2 to None, run_after=None
[2025-04-05T11:41:17.383+0000] {logging_mixin.py:190} INFO - [2025-04-05T11:41:17.383+0000] {dag.py:4180} INFO - Setting next_dagrun for dataset_consumes_1_never_scheduled to None, run_after=None
[2025-04-05T11:41:17.386+0000] {logging_mixin.py:190} INFO - [2025-04-05T11:41:17.385+0000] {dag.py:4180} INFO - Setting next_dagrun for dataset_consumes_unknown_never_scheduled to None, run_after=None
[2025-04-05T11:41:17.389+0000] {logging_mixin.py:190} INFO - [2025-04-05T11:41:17.389+0000] {dag.py:4180} INFO - Setting next_dagrun for dataset_produces_1 to 2025-04-04 00:00:00+00:00, run_after=2025-04-05 00:00:00+00:00
[2025-04-05T11:41:17.392+0000] {logging_mixin.py:190} INFO - [2025-04-05T11:41:17.391+0000] {dag.py:4180} INFO - Setting next_dagrun for dataset_produces_2 to None, run_after=None
[2025-04-05T11:41:17.420+0000] {processor.py:208} INFO - Processing /home/airflow/.local/lib/python3.12/site-packages/airflow/example_dags/example_datasets.py took 0.855 seconds
[2025-04-05T11:41:48.413+0000] {processor.py:186} INFO - Started process (PID=442) to work on /home/airflow/.local/lib/python3.12/site-packages/airflow/example_dags/example_datasets.py
[2025-04-05T11:41:48.415+0000] {processor.py:914} INFO - Processing file /home/airflow/.local/lib/python3.12/site-packages/airflow/example_dags/example_datasets.py for tasks to queue
[2025-04-05T11:41:48.419+0000] {logging_mixin.py:190} INFO - [2025-04-05T11:41:48.419+0000] {dagbag.py:588} INFO - Filling up the DagBag from /home/airflow/.local/lib/python3.12/site-packages/airflow/example_dags/example_datasets.py
[2025-04-05T11:41:48.945+0000] {processor.py:925} INFO - DAG(s) 'dataset_consumes_1_never_scheduled', 'consume_1_or_2_with_dataset_expressions', 'dataset_consumes_unknown_never_scheduled', 'consume_1_or_both_2_and_3_with_dataset_expressions', 'dataset_consumes_1_and_2', 'dataset_consumes_1', 'dataset_produces_2', 'consume_1_and_2_with_dataset_expressions', 'conditional_dataset_and_time_based_timetable', 'dataset_produces_1' retrieved from /home/airflow/.local/lib/python3.12/site-packages/airflow/example_dags/example_datasets.py
[2025-04-05T11:41:48.974+0000] {logging_mixin.py:190} INFO - [2025-04-05T11:41:48.974+0000] {dag.py:3239} INFO - Sync 10 DAGs
[2025-04-05T11:41:48.993+0000] {logging_mixin.py:190} INFO - [2025-04-05T11:41:48.992+0000] {dag.py:4180} INFO - Setting next_dagrun for conditional_dataset_and_time_based_timetable to 2025-04-02 01:00:00+00:00, run_after=2025-04-02 01:00:00+00:00
[2025-04-05T11:41:48.995+0000] {logging_mixin.py:190} INFO - [2025-04-05T11:41:48.995+0000] {dag.py:4180} INFO - Setting next_dagrun for consume_1_and_2_with_dataset_expressions to None, run_after=None
[2025-04-05T11:41:48.996+0000] {logging_mixin.py:190} INFO - [2025-04-05T11:41:48.996+0000] {dag.py:4180} INFO - Setting next_dagrun for consume_1_or_2_with_dataset_expressions to None, run_after=None
[2025-04-05T11:41:48.997+0000] {logging_mixin.py:190} INFO - [2025-04-05T11:41:48.996+0000] {dag.py:4180} INFO - Setting next_dagrun for consume_1_or_both_2_and_3_with_dataset_expressions to None, run_after=None
[2025-04-05T11:41:48.997+0000] {logging_mixin.py:190} INFO - [2025-04-05T11:41:48.997+0000] {dag.py:4180} INFO - Setting next_dagrun for dataset_consumes_1 to None, run_after=None
[2025-04-05T11:41:48.998+0000] {logging_mixin.py:190} INFO - [2025-04-05T11:41:48.998+0000] {dag.py:4180} INFO - Setting next_dagrun for dataset_consumes_1_and_2 to None, run_after=None
[2025-04-05T11:41:48.999+0000] {logging_mixin.py:190} INFO - [2025-04-05T11:41:48.998+0000] {dag.py:4180} INFO - Setting next_dagrun for dataset_consumes_1_never_scheduled to None, run_after=None
[2025-04-05T11:41:48.999+0000] {logging_mixin.py:190} INFO - [2025-04-05T11:41:48.999+0000] {dag.py:4180} INFO - Setting next_dagrun for dataset_consumes_unknown_never_scheduled to None, run_after=None
[2025-04-05T11:41:49.001+0000] {logging_mixin.py:190} INFO - [2025-04-05T11:41:49.001+0000] {dag.py:4180} INFO - Setting next_dagrun for dataset_produces_1 to 2025-04-04 00:00:00+00:00, run_after=2025-04-05 00:00:00+00:00
[2025-04-05T11:41:49.003+0000] {logging_mixin.py:190} INFO - [2025-04-05T11:41:49.003+0000] {dag.py:4180} INFO - Setting next_dagrun for dataset_produces_2 to None, run_after=None
[2025-04-05T11:41:49.034+0000] {processor.py:208} INFO - Processing /home/airflow/.local/lib/python3.12/site-packages/airflow/example_dags/example_datasets.py took 0.631 seconds
[2025-04-05T11:42:19.267+0000] {processor.py:186} INFO - Started process (PID=505) to work on /home/airflow/.local/lib/python3.12/site-packages/airflow/example_dags/example_datasets.py
[2025-04-05T11:42:19.270+0000] {processor.py:914} INFO - Processing file /home/airflow/.local/lib/python3.12/site-packages/airflow/example_dags/example_datasets.py for tasks to queue
[2025-04-05T11:42:19.275+0000] {logging_mixin.py:190} INFO - [2025-04-05T11:42:19.275+0000] {dagbag.py:588} INFO - Filling up the DagBag from /home/airflow/.local/lib/python3.12/site-packages/airflow/example_dags/example_datasets.py
[2025-04-05T11:42:19.797+0000] {processor.py:925} INFO - DAG(s) 'consume_1_and_2_with_dataset_expressions', 'conditional_dataset_and_time_based_timetable', 'dataset_produces_1', 'consume_1_or_2_with_dataset_expressions', 'dataset_consumes_1', 'dataset_consumes_1_never_scheduled', 'dataset_produces_2', 'consume_1_or_both_2_and_3_with_dataset_expressions', 'dataset_consumes_unknown_never_scheduled', 'dataset_consumes_1_and_2' retrieved from /home/airflow/.local/lib/python3.12/site-packages/airflow/example_dags/example_datasets.py
[2025-04-05T11:42:19.833+0000] {logging_mixin.py:190} INFO - [2025-04-05T11:42:19.833+0000] {dag.py:3239} INFO - Sync 10 DAGs
[2025-04-05T11:42:19.846+0000] {logging_mixin.py:190} INFO - [2025-04-05T11:42:19.846+0000] {dag.py:4180} INFO - Setting next_dagrun for conditional_dataset_and_time_based_timetable to 2025-04-02 01:00:00+00:00, run_after=2025-04-02 01:00:00+00:00
[2025-04-05T11:42:19.848+0000] {logging_mixin.py:190} INFO - [2025-04-05T11:42:19.848+0000] {dag.py:4180} INFO - Setting next_dagrun for consume_1_and_2_with_dataset_expressions to None, run_after=None
[2025-04-05T11:42:19.849+0000] {logging_mixin.py:190} INFO - [2025-04-05T11:42:19.849+0000] {dag.py:4180} INFO - Setting next_dagrun for consume_1_or_2_with_dataset_expressions to None, run_after=None
[2025-04-05T11:42:19.852+0000] {logging_mixin.py:190} INFO - [2025-04-05T11:42:19.852+0000] {dag.py:4180} INFO - Setting next_dagrun for consume_1_or_both_2_and_3_with_dataset_expressions to None, run_after=None
[2025-04-05T11:42:19.855+0000] {logging_mixin.py:190} INFO - [2025-04-05T11:42:19.855+0000] {dag.py:4180} INFO - Setting next_dagrun for dataset_consumes_1 to None, run_after=None
[2025-04-05T11:42:19.856+0000] {logging_mixin.py:190} INFO - [2025-04-05T11:42:19.856+0000] {dag.py:4180} INFO - Setting next_dagrun for dataset_consumes_1_and_2 to None, run_after=None
[2025-04-05T11:42:19.858+0000] {logging_mixin.py:190} INFO - [2025-04-05T11:42:19.858+0000] {dag.py:4180} INFO - Setting next_dagrun for dataset_consumes_1_never_scheduled to None, run_after=None
[2025-04-05T11:42:19.859+0000] {logging_mixin.py:190} INFO - [2025-04-05T11:42:19.859+0000] {dag.py:4180} INFO - Setting next_dagrun for dataset_consumes_unknown_never_scheduled to None, run_after=None
[2025-04-05T11:42:19.861+0000] {logging_mixin.py:190} INFO - [2025-04-05T11:42:19.861+0000] {dag.py:4180} INFO - Setting next_dagrun for dataset_produces_1 to 2025-04-04 00:00:00+00:00, run_after=2025-04-05 00:00:00+00:00
[2025-04-05T11:42:19.861+0000] {logging_mixin.py:190} INFO - [2025-04-05T11:42:19.861+0000] {dag.py:4180} INFO - Setting next_dagrun for dataset_produces_2 to None, run_after=None
[2025-04-05T11:42:19.880+0000] {processor.py:208} INFO - Processing /home/airflow/.local/lib/python3.12/site-packages/airflow/example_dags/example_datasets.py took 0.624 seconds
[2025-04-05T11:42:50.145+0000] {processor.py:186} INFO - Started process (PID=568) to work on /home/airflow/.local/lib/python3.12/site-packages/airflow/example_dags/example_datasets.py
[2025-04-05T11:42:50.152+0000] {processor.py:914} INFO - Processing file /home/airflow/.local/lib/python3.12/site-packages/airflow/example_dags/example_datasets.py for tasks to queue
[2025-04-05T11:42:50.156+0000] {logging_mixin.py:190} INFO - [2025-04-05T11:42:50.156+0000] {dagbag.py:588} INFO - Filling up the DagBag from /home/airflow/.local/lib/python3.12/site-packages/airflow/example_dags/example_datasets.py
[2025-04-05T11:42:50.623+0000] {processor.py:925} INFO - DAG(s) 'dataset_produces_2', 'consume_1_and_2_with_dataset_expressions', 'conditional_dataset_and_time_based_timetable', 'consume_1_or_both_2_and_3_with_dataset_expressions', 'consume_1_or_2_with_dataset_expressions', 'dataset_consumes_unknown_never_scheduled', 'dataset_consumes_1', 'dataset_produces_1', 'dataset_consumes_1_never_scheduled', 'dataset_consumes_1_and_2' retrieved from /home/airflow/.local/lib/python3.12/site-packages/airflow/example_dags/example_datasets.py
[2025-04-05T11:42:50.655+0000] {logging_mixin.py:190} INFO - [2025-04-05T11:42:50.654+0000] {dag.py:3239} INFO - Sync 10 DAGs
[2025-04-05T11:42:50.669+0000] {logging_mixin.py:190} INFO - [2025-04-05T11:42:50.668+0000] {dag.py:4180} INFO - Setting next_dagrun for conditional_dataset_and_time_based_timetable to 2025-04-02 01:00:00+00:00, run_after=2025-04-02 01:00:00+00:00
[2025-04-05T11:42:50.672+0000] {logging_mixin.py:190} INFO - [2025-04-05T11:42:50.672+0000] {dag.py:4180} INFO - Setting next_dagrun for consume_1_and_2_with_dataset_expressions to None, run_after=None
[2025-04-05T11:42:50.673+0000] {logging_mixin.py:190} INFO - [2025-04-05T11:42:50.673+0000] {dag.py:4180} INFO - Setting next_dagrun for consume_1_or_2_with_dataset_expressions to None, run_after=None
[2025-04-05T11:42:50.676+0000] {logging_mixin.py:190} INFO - [2025-04-05T11:42:50.676+0000] {dag.py:4180} INFO - Setting next_dagrun for consume_1_or_both_2_and_3_with_dataset_expressions to None, run_after=None
[2025-04-05T11:42:50.677+0000] {logging_mixin.py:190} INFO - [2025-04-05T11:42:50.677+0000] {dag.py:4180} INFO - Setting next_dagrun for dataset_consumes_1 to None, run_after=None
[2025-04-05T11:42:50.678+0000] {logging_mixin.py:190} INFO - [2025-04-05T11:42:50.678+0000] {dag.py:4180} INFO - Setting next_dagrun for dataset_consumes_1_and_2 to None, run_after=None
[2025-04-05T11:42:50.680+0000] {logging_mixin.py:190} INFO - [2025-04-05T11:42:50.680+0000] {dag.py:4180} INFO - Setting next_dagrun for dataset_consumes_1_never_scheduled to None, run_after=None
[2025-04-05T11:42:50.680+0000] {logging_mixin.py:190} INFO - [2025-04-05T11:42:50.680+0000] {dag.py:4180} INFO - Setting next_dagrun for dataset_consumes_unknown_never_scheduled to None, run_after=None
[2025-04-05T11:42:50.681+0000] {logging_mixin.py:190} INFO - [2025-04-05T11:42:50.681+0000] {dag.py:4180} INFO - Setting next_dagrun for dataset_produces_1 to 2025-04-04 00:00:00+00:00, run_after=2025-04-05 00:00:00+00:00
[2025-04-05T11:42:50.682+0000] {logging_mixin.py:190} INFO - [2025-04-05T11:42:50.682+0000] {dag.py:4180} INFO - Setting next_dagrun for dataset_produces_2 to None, run_after=None
[2025-04-05T11:42:50.709+0000] {processor.py:208} INFO - Processing /home/airflow/.local/lib/python3.12/site-packages/airflow/example_dags/example_datasets.py took 0.572 seconds
[2025-04-05T11:44:54.774+0000] {processor.py:186} INFO - Started process (PID=120) to work on /home/airflow/.local/lib/python3.12/site-packages/airflow/example_dags/example_datasets.py
[2025-04-05T11:44:54.777+0000] {processor.py:914} INFO - Processing file /home/airflow/.local/lib/python3.12/site-packages/airflow/example_dags/example_datasets.py for tasks to queue
[2025-04-05T11:44:54.798+0000] {logging_mixin.py:190} INFO - [2025-04-05T11:44:54.795+0000] {dagbag.py:588} INFO - Filling up the DagBag from /home/airflow/.local/lib/python3.12/site-packages/airflow/example_dags/example_datasets.py
[2025-04-05T11:44:55.888+0000] {processor.py:925} INFO - DAG(s) 'dataset_produces_1', 'dataset_produces_2', 'consume_1_or_both_2_and_3_with_dataset_expressions', 'conditional_dataset_and_time_based_timetable', 'dataset_consumes_1', 'dataset_consumes_1_and_2', 'consume_1_or_2_with_dataset_expressions', 'dataset_consumes_1_never_scheduled', 'consume_1_and_2_with_dataset_expressions', 'dataset_consumes_unknown_never_scheduled' retrieved from /home/airflow/.local/lib/python3.12/site-packages/airflow/example_dags/example_datasets.py
[2025-04-05T11:44:55.945+0000] {logging_mixin.py:190} INFO - [2025-04-05T11:44:55.945+0000] {dag.py:3239} INFO - Sync 10 DAGs
[2025-04-05T11:44:55.997+0000] {logging_mixin.py:190} INFO - [2025-04-05T11:44:55.996+0000] {dag.py:4180} INFO - Setting next_dagrun for conditional_dataset_and_time_based_timetable to 2025-04-02 01:00:00+00:00, run_after=2025-04-02 01:00:00+00:00
[2025-04-05T11:44:56.009+0000] {logging_mixin.py:190} INFO - [2025-04-05T11:44:56.008+0000] {dag.py:4180} INFO - Setting next_dagrun for consume_1_and_2_with_dataset_expressions to None, run_after=None
[2025-04-05T11:44:56.012+0000] {logging_mixin.py:190} INFO - [2025-04-05T11:44:56.012+0000] {dag.py:4180} INFO - Setting next_dagrun for consume_1_or_2_with_dataset_expressions to None, run_after=None
[2025-04-05T11:44:56.015+0000] {logging_mixin.py:190} INFO - [2025-04-05T11:44:56.015+0000] {dag.py:4180} INFO - Setting next_dagrun for consume_1_or_both_2_and_3_with_dataset_expressions to None, run_after=None
[2025-04-05T11:44:56.018+0000] {logging_mixin.py:190} INFO - [2025-04-05T11:44:56.017+0000] {dag.py:4180} INFO - Setting next_dagrun for dataset_consumes_1 to None, run_after=None
[2025-04-05T11:44:56.022+0000] {logging_mixin.py:190} INFO - [2025-04-05T11:44:56.021+0000] {dag.py:4180} INFO - Setting next_dagrun for dataset_consumes_1_and_2 to None, run_after=None
[2025-04-05T11:44:56.024+0000] {logging_mixin.py:190} INFO - [2025-04-05T11:44:56.024+0000] {dag.py:4180} INFO - Setting next_dagrun for dataset_consumes_1_never_scheduled to None, run_after=None
[2025-04-05T11:44:56.027+0000] {logging_mixin.py:190} INFO - [2025-04-05T11:44:56.026+0000] {dag.py:4180} INFO - Setting next_dagrun for dataset_consumes_unknown_never_scheduled to None, run_after=None
[2025-04-05T11:44:56.031+0000] {logging_mixin.py:190} INFO - [2025-04-05T11:44:56.031+0000] {dag.py:4180} INFO - Setting next_dagrun for dataset_produces_1 to 2025-04-04 00:00:00+00:00, run_after=2025-04-05 00:00:00+00:00
[2025-04-05T11:44:56.034+0000] {logging_mixin.py:190} INFO - [2025-04-05T11:44:56.034+0000] {dag.py:4180} INFO - Setting next_dagrun for dataset_produces_2 to None, run_after=None
[2025-04-05T11:44:56.109+0000] {processor.py:208} INFO - Processing /home/airflow/.local/lib/python3.12/site-packages/airflow/example_dags/example_datasets.py took 1.371 seconds
[2025-04-05T11:45:26.510+0000] {processor.py:186} INFO - Started process (PID=184) to work on /home/airflow/.local/lib/python3.12/site-packages/airflow/example_dags/example_datasets.py
[2025-04-05T11:45:26.514+0000] {processor.py:914} INFO - Processing file /home/airflow/.local/lib/python3.12/site-packages/airflow/example_dags/example_datasets.py for tasks to queue
[2025-04-05T11:45:26.519+0000] {logging_mixin.py:190} INFO - [2025-04-05T11:45:26.518+0000] {dagbag.py:588} INFO - Filling up the DagBag from /home/airflow/.local/lib/python3.12/site-packages/airflow/example_dags/example_datasets.py
[2025-04-05T11:45:27.319+0000] {processor.py:925} INFO - DAG(s) 'conditional_dataset_and_time_based_timetable', 'dataset_consumes_unknown_never_scheduled', 'dataset_consumes_1', 'consume_1_or_2_with_dataset_expressions', 'dataset_produces_2', 'dataset_produces_1', 'consume_1_or_both_2_and_3_with_dataset_expressions', 'dataset_consumes_1_and_2', 'dataset_consumes_1_never_scheduled', 'consume_1_and_2_with_dataset_expressions' retrieved from /home/airflow/.local/lib/python3.12/site-packages/airflow/example_dags/example_datasets.py
[2025-04-05T11:45:27.351+0000] {logging_mixin.py:190} INFO - [2025-04-05T11:45:27.351+0000] {dag.py:3239} INFO - Sync 10 DAGs
[2025-04-05T11:45:27.373+0000] {logging_mixin.py:190} INFO - [2025-04-05T11:45:27.373+0000] {dag.py:4180} INFO - Setting next_dagrun for conditional_dataset_and_time_based_timetable to 2025-04-02 01:00:00+00:00, run_after=2025-04-02 01:00:00+00:00
[2025-04-05T11:45:27.376+0000] {logging_mixin.py:190} INFO - [2025-04-05T11:45:27.376+0000] {dag.py:4180} INFO - Setting next_dagrun for consume_1_and_2_with_dataset_expressions to None, run_after=None
[2025-04-05T11:45:27.377+0000] {logging_mixin.py:190} INFO - [2025-04-05T11:45:27.377+0000] {dag.py:4180} INFO - Setting next_dagrun for consume_1_or_2_with_dataset_expressions to None, run_after=None
[2025-04-05T11:45:27.378+0000] {logging_mixin.py:190} INFO - [2025-04-05T11:45:27.378+0000] {dag.py:4180} INFO - Setting next_dagrun for consume_1_or_both_2_and_3_with_dataset_expressions to None, run_after=None
[2025-04-05T11:45:27.379+0000] {logging_mixin.py:190} INFO - [2025-04-05T11:45:27.379+0000] {dag.py:4180} INFO - Setting next_dagrun for dataset_consumes_1 to None, run_after=None
[2025-04-05T11:45:27.385+0000] {logging_mixin.py:190} INFO - [2025-04-05T11:45:27.384+0000] {dag.py:4180} INFO - Setting next_dagrun for dataset_consumes_1_and_2 to None, run_after=None
[2025-04-05T11:45:27.386+0000] {logging_mixin.py:190} INFO - [2025-04-05T11:45:27.385+0000] {dag.py:4180} INFO - Setting next_dagrun for dataset_consumes_1_never_scheduled to None, run_after=None
[2025-04-05T11:45:27.387+0000] {logging_mixin.py:190} INFO - [2025-04-05T11:45:27.387+0000] {dag.py:4180} INFO - Setting next_dagrun for dataset_consumes_unknown_never_scheduled to None, run_after=None
[2025-04-05T11:45:27.388+0000] {logging_mixin.py:190} INFO - [2025-04-05T11:45:27.388+0000] {dag.py:4180} INFO - Setting next_dagrun for dataset_produces_1 to 2025-04-04 00:00:00+00:00, run_after=2025-04-05 00:00:00+00:00
[2025-04-05T11:45:27.389+0000] {logging_mixin.py:190} INFO - [2025-04-05T11:45:27.389+0000] {dag.py:4180} INFO - Setting next_dagrun for dataset_produces_2 to None, run_after=None
[2025-04-05T11:45:27.424+0000] {processor.py:208} INFO - Processing /home/airflow/.local/lib/python3.12/site-packages/airflow/example_dags/example_datasets.py took 0.928 seconds
[2025-04-05T11:45:58.377+0000] {processor.py:186} INFO - Started process (PID=248) to work on /home/airflow/.local/lib/python3.12/site-packages/airflow/example_dags/example_datasets.py
[2025-04-05T11:45:58.386+0000] {processor.py:914} INFO - Processing file /home/airflow/.local/lib/python3.12/site-packages/airflow/example_dags/example_datasets.py for tasks to queue
[2025-04-05T11:45:58.391+0000] {logging_mixin.py:190} INFO - [2025-04-05T11:45:58.390+0000] {dagbag.py:588} INFO - Filling up the DagBag from /home/airflow/.local/lib/python3.12/site-packages/airflow/example_dags/example_datasets.py
[2025-04-05T11:45:59.082+0000] {processor.py:925} INFO - DAG(s) 'dataset_consumes_1_and_2', 'consume_1_and_2_with_dataset_expressions', 'consume_1_or_both_2_and_3_with_dataset_expressions', 'conditional_dataset_and_time_based_timetable', 'dataset_consumes_unknown_never_scheduled', 'dataset_consumes_1_never_scheduled', 'dataset_consumes_1', 'dataset_produces_1', 'dataset_produces_2', 'consume_1_or_2_with_dataset_expressions' retrieved from /home/airflow/.local/lib/python3.12/site-packages/airflow/example_dags/example_datasets.py
[2025-04-05T11:45:59.130+0000] {logging_mixin.py:190} INFO - [2025-04-05T11:45:59.129+0000] {dag.py:3239} INFO - Sync 10 DAGs
[2025-04-05T11:45:59.144+0000] {logging_mixin.py:190} INFO - [2025-04-05T11:45:59.144+0000] {dag.py:4180} INFO - Setting next_dagrun for conditional_dataset_and_time_based_timetable to 2025-04-02 01:00:00+00:00, run_after=2025-04-02 01:00:00+00:00
[2025-04-05T11:45:59.150+0000] {logging_mixin.py:190} INFO - [2025-04-05T11:45:59.149+0000] {dag.py:4180} INFO - Setting next_dagrun for consume_1_and_2_with_dataset_expressions to None, run_after=None
[2025-04-05T11:45:59.151+0000] {logging_mixin.py:190} INFO - [2025-04-05T11:45:59.151+0000] {dag.py:4180} INFO - Setting next_dagrun for consume_1_or_2_with_dataset_expressions to None, run_after=None
[2025-04-05T11:45:59.152+0000] {logging_mixin.py:190} INFO - [2025-04-05T11:45:59.152+0000] {dag.py:4180} INFO - Setting next_dagrun for consume_1_or_both_2_and_3_with_dataset_expressions to None, run_after=None
[2025-04-05T11:45:59.152+0000] {logging_mixin.py:190} INFO - [2025-04-05T11:45:59.152+0000] {dag.py:4180} INFO - Setting next_dagrun for dataset_consumes_1 to None, run_after=None
[2025-04-05T11:45:59.153+0000] {logging_mixin.py:190} INFO - [2025-04-05T11:45:59.153+0000] {dag.py:4180} INFO - Setting next_dagrun for dataset_consumes_1_and_2 to None, run_after=None
[2025-04-05T11:45:59.154+0000] {logging_mixin.py:190} INFO - [2025-04-05T11:45:59.154+0000] {dag.py:4180} INFO - Setting next_dagrun for dataset_consumes_1_never_scheduled to None, run_after=None
[2025-04-05T11:45:59.155+0000] {logging_mixin.py:190} INFO - [2025-04-05T11:45:59.155+0000] {dag.py:4180} INFO - Setting next_dagrun for dataset_consumes_unknown_never_scheduled to None, run_after=None
[2025-04-05T11:45:59.157+0000] {logging_mixin.py:190} INFO - [2025-04-05T11:45:59.157+0000] {dag.py:4180} INFO - Setting next_dagrun for dataset_produces_1 to 2025-04-04 00:00:00+00:00, run_after=2025-04-05 00:00:00+00:00
[2025-04-05T11:45:59.158+0000] {logging_mixin.py:190} INFO - [2025-04-05T11:45:59.158+0000] {dag.py:4180} INFO - Setting next_dagrun for dataset_produces_2 to None, run_after=None
[2025-04-05T11:45:59.174+0000] {processor.py:208} INFO - Processing /home/airflow/.local/lib/python3.12/site-packages/airflow/example_dags/example_datasets.py took 0.806 seconds
[2025-04-05T11:46:29.485+0000] {processor.py:186} INFO - Started process (PID=312) to work on /home/airflow/.local/lib/python3.12/site-packages/airflow/example_dags/example_datasets.py
[2025-04-05T11:46:29.486+0000] {processor.py:914} INFO - Processing file /home/airflow/.local/lib/python3.12/site-packages/airflow/example_dags/example_datasets.py for tasks to queue
[2025-04-05T11:46:29.489+0000] {logging_mixin.py:190} INFO - [2025-04-05T11:46:29.489+0000] {dagbag.py:588} INFO - Filling up the DagBag from /home/airflow/.local/lib/python3.12/site-packages/airflow/example_dags/example_datasets.py
[2025-04-05T11:46:30.316+0000] {processor.py:925} INFO - DAG(s) 'conditional_dataset_and_time_based_timetable', 'dataset_produces_1', 'dataset_consumes_1', 'dataset_produces_2', 'dataset_consumes_1_and_2', 'dataset_consumes_1_never_scheduled', 'consume_1_or_2_with_dataset_expressions', 'consume_1_or_both_2_and_3_with_dataset_expressions', 'consume_1_and_2_with_dataset_expressions', 'dataset_consumes_unknown_never_scheduled' retrieved from /home/airflow/.local/lib/python3.12/site-packages/airflow/example_dags/example_datasets.py
[2025-04-05T11:46:30.345+0000] {logging_mixin.py:190} INFO - [2025-04-05T11:46:30.344+0000] {dag.py:3239} INFO - Sync 10 DAGs
[2025-04-05T11:46:30.368+0000] {logging_mixin.py:190} INFO - [2025-04-05T11:46:30.368+0000] {dag.py:4180} INFO - Setting next_dagrun for conditional_dataset_and_time_based_timetable to 2025-04-02 01:00:00+00:00, run_after=2025-04-02 01:00:00+00:00
[2025-04-05T11:46:30.371+0000] {logging_mixin.py:190} INFO - [2025-04-05T11:46:30.371+0000] {dag.py:4180} INFO - Setting next_dagrun for consume_1_and_2_with_dataset_expressions to None, run_after=None
[2025-04-05T11:46:30.373+0000] {logging_mixin.py:190} INFO - [2025-04-05T11:46:30.373+0000] {dag.py:4180} INFO - Setting next_dagrun for consume_1_or_2_with_dataset_expressions to None, run_after=None
[2025-04-05T11:46:30.375+0000] {logging_mixin.py:190} INFO - [2025-04-05T11:46:30.375+0000] {dag.py:4180} INFO - Setting next_dagrun for consume_1_or_both_2_and_3_with_dataset_expressions to None, run_after=None
[2025-04-05T11:46:30.379+0000] {logging_mixin.py:190} INFO - [2025-04-05T11:46:30.378+0000] {dag.py:4180} INFO - Setting next_dagrun for dataset_consumes_1 to None, run_after=None
[2025-04-05T11:46:30.381+0000] {logging_mixin.py:190} INFO - [2025-04-05T11:46:30.381+0000] {dag.py:4180} INFO - Setting next_dagrun for dataset_consumes_1_and_2 to None, run_after=None
[2025-04-05T11:46:30.383+0000] {logging_mixin.py:190} INFO - [2025-04-05T11:46:30.383+0000] {dag.py:4180} INFO - Setting next_dagrun for dataset_consumes_1_never_scheduled to None, run_after=None
[2025-04-05T11:46:30.384+0000] {logging_mixin.py:190} INFO - [2025-04-05T11:46:30.384+0000] {dag.py:4180} INFO - Setting next_dagrun for dataset_consumes_unknown_never_scheduled to None, run_after=None
[2025-04-05T11:46:30.385+0000] {logging_mixin.py:190} INFO - [2025-04-05T11:46:30.385+0000] {dag.py:4180} INFO - Setting next_dagrun for dataset_produces_1 to 2025-04-04 00:00:00+00:00, run_after=2025-04-05 00:00:00+00:00
[2025-04-05T11:46:30.386+0000] {logging_mixin.py:190} INFO - [2025-04-05T11:46:30.386+0000] {dag.py:4180} INFO - Setting next_dagrun for dataset_produces_2 to None, run_after=None
[2025-04-05T11:46:30.404+0000] {processor.py:208} INFO - Processing /home/airflow/.local/lib/python3.12/site-packages/airflow/example_dags/example_datasets.py took 0.934 seconds
[2025-04-05T11:47:00.655+0000] {processor.py:186} INFO - Started process (PID=375) to work on /home/airflow/.local/lib/python3.12/site-packages/airflow/example_dags/example_datasets.py
[2025-04-05T11:47:00.656+0000] {processor.py:914} INFO - Processing file /home/airflow/.local/lib/python3.12/site-packages/airflow/example_dags/example_datasets.py for tasks to queue
[2025-04-05T11:47:00.661+0000] {logging_mixin.py:190} INFO - [2025-04-05T11:47:00.661+0000] {dagbag.py:588} INFO - Filling up the DagBag from /home/airflow/.local/lib/python3.12/site-packages/airflow/example_dags/example_datasets.py
[2025-04-05T11:47:01.292+0000] {processor.py:925} INFO - DAG(s) 'dataset_consumes_1', 'dataset_produces_2', 'conditional_dataset_and_time_based_timetable', 'dataset_consumes_1_and_2', 'dataset_produces_1', 'dataset_consumes_1_never_scheduled', 'dataset_consumes_unknown_never_scheduled', 'consume_1_or_both_2_and_3_with_dataset_expressions', 'consume_1_and_2_with_dataset_expressions', 'consume_1_or_2_with_dataset_expressions' retrieved from /home/airflow/.local/lib/python3.12/site-packages/airflow/example_dags/example_datasets.py
[2025-04-05T11:47:01.353+0000] {logging_mixin.py:190} INFO - [2025-04-05T11:47:01.352+0000] {dag.py:3239} INFO - Sync 10 DAGs
[2025-04-05T11:47:01.367+0000] {logging_mixin.py:190} INFO - [2025-04-05T11:47:01.366+0000] {dag.py:4180} INFO - Setting next_dagrun for conditional_dataset_and_time_based_timetable to 2025-04-02 01:00:00+00:00, run_after=2025-04-02 01:00:00+00:00
[2025-04-05T11:47:01.370+0000] {logging_mixin.py:190} INFO - [2025-04-05T11:47:01.370+0000] {dag.py:4180} INFO - Setting next_dagrun for consume_1_and_2_with_dataset_expressions to None, run_after=None
[2025-04-05T11:47:01.372+0000] {logging_mixin.py:190} INFO - [2025-04-05T11:47:01.372+0000] {dag.py:4180} INFO - Setting next_dagrun for consume_1_or_2_with_dataset_expressions to None, run_after=None
[2025-04-05T11:47:01.374+0000] {logging_mixin.py:190} INFO - [2025-04-05T11:47:01.374+0000] {dag.py:4180} INFO - Setting next_dagrun for consume_1_or_both_2_and_3_with_dataset_expressions to None, run_after=None
[2025-04-05T11:47:01.376+0000] {logging_mixin.py:190} INFO - [2025-04-05T11:47:01.376+0000] {dag.py:4180} INFO - Setting next_dagrun for dataset_consumes_1 to None, run_after=None
[2025-04-05T11:47:01.377+0000] {logging_mixin.py:190} INFO - [2025-04-05T11:47:01.377+0000] {dag.py:4180} INFO - Setting next_dagrun for dataset_consumes_1_and_2 to None, run_after=None
[2025-04-05T11:47:01.380+0000] {logging_mixin.py:190} INFO - [2025-04-05T11:47:01.380+0000] {dag.py:4180} INFO - Setting next_dagrun for dataset_consumes_1_never_scheduled to None, run_after=None
[2025-04-05T11:47:01.380+0000] {logging_mixin.py:190} INFO - [2025-04-05T11:47:01.380+0000] {dag.py:4180} INFO - Setting next_dagrun for dataset_consumes_unknown_never_scheduled to None, run_after=None
[2025-04-05T11:47:01.385+0000] {logging_mixin.py:190} INFO - [2025-04-05T11:47:01.385+0000] {dag.py:4180} INFO - Setting next_dagrun for dataset_produces_1 to 2025-04-04 00:00:00+00:00, run_after=2025-04-05 00:00:00+00:00
[2025-04-05T11:47:01.386+0000] {logging_mixin.py:190} INFO - [2025-04-05T11:47:01.386+0000] {dag.py:4180} INFO - Setting next_dagrun for dataset_produces_2 to None, run_after=None
[2025-04-05T11:47:01.407+0000] {processor.py:208} INFO - Processing /home/airflow/.local/lib/python3.12/site-packages/airflow/example_dags/example_datasets.py took 0.759 seconds
[2025-04-05T11:50:11.985+0000] {processor.py:186} INFO - Started process (PID=128) to work on /home/airflow/.local/lib/python3.12/site-packages/airflow/example_dags/example_datasets.py
[2025-04-05T11:50:11.987+0000] {processor.py:914} INFO - Processing file /home/airflow/.local/lib/python3.12/site-packages/airflow/example_dags/example_datasets.py for tasks to queue
[2025-04-05T11:50:11.991+0000] {logging_mixin.py:190} INFO - [2025-04-05T11:50:11.991+0000] {dagbag.py:588} INFO - Filling up the DagBag from /home/airflow/.local/lib/python3.12/site-packages/airflow/example_dags/example_datasets.py
[2025-04-05T11:50:13.440+0000] {processor.py:925} INFO - DAG(s) 'consume_1_or_both_2_and_3_with_dataset_expressions', 'dataset_consumes_1_never_scheduled', 'dataset_consumes_1', 'dataset_produces_1', 'consume_1_and_2_with_dataset_expressions', 'consume_1_or_2_with_dataset_expressions', 'conditional_dataset_and_time_based_timetable', 'dataset_consumes_1_and_2', 'dataset_consumes_unknown_never_scheduled', 'dataset_produces_2' retrieved from /home/airflow/.local/lib/python3.12/site-packages/airflow/example_dags/example_datasets.py
[2025-04-05T11:50:13.491+0000] {logging_mixin.py:190} INFO - [2025-04-05T11:50:13.491+0000] {dag.py:3239} INFO - Sync 10 DAGs
[2025-04-05T11:50:13.523+0000] {logging_mixin.py:190} INFO - [2025-04-05T11:50:13.522+0000] {dag.py:4180} INFO - Setting next_dagrun for conditional_dataset_and_time_based_timetable to 2025-04-02 01:00:00+00:00, run_after=2025-04-02 01:00:00+00:00
[2025-04-05T11:50:13.527+0000] {logging_mixin.py:190} INFO - [2025-04-05T11:50:13.527+0000] {dag.py:4180} INFO - Setting next_dagrun for consume_1_and_2_with_dataset_expressions to None, run_after=None
[2025-04-05T11:50:13.529+0000] {logging_mixin.py:190} INFO - [2025-04-05T11:50:13.529+0000] {dag.py:4180} INFO - Setting next_dagrun for consume_1_or_2_with_dataset_expressions to None, run_after=None
[2025-04-05T11:50:13.530+0000] {logging_mixin.py:190} INFO - [2025-04-05T11:50:13.530+0000] {dag.py:4180} INFO - Setting next_dagrun for consume_1_or_both_2_and_3_with_dataset_expressions to None, run_after=None
[2025-04-05T11:50:13.531+0000] {logging_mixin.py:190} INFO - [2025-04-05T11:50:13.531+0000] {dag.py:4180} INFO - Setting next_dagrun for dataset_consumes_1 to None, run_after=None
[2025-04-05T11:50:13.534+0000] {logging_mixin.py:190} INFO - [2025-04-05T11:50:13.533+0000] {dag.py:4180} INFO - Setting next_dagrun for dataset_consumes_1_and_2 to None, run_after=None
[2025-04-05T11:50:13.536+0000] {logging_mixin.py:190} INFO - [2025-04-05T11:50:13.536+0000] {dag.py:4180} INFO - Setting next_dagrun for dataset_consumes_1_never_scheduled to None, run_after=None
[2025-04-05T11:50:13.537+0000] {logging_mixin.py:190} INFO - [2025-04-05T11:50:13.537+0000] {dag.py:4180} INFO - Setting next_dagrun for dataset_consumes_unknown_never_scheduled to None, run_after=None
[2025-04-05T11:50:13.542+0000] {logging_mixin.py:190} INFO - [2025-04-05T11:50:13.542+0000] {dag.py:4180} INFO - Setting next_dagrun for dataset_produces_1 to 2025-04-04 00:00:00+00:00, run_after=2025-04-05 00:00:00+00:00
[2025-04-05T11:50:13.545+0000] {logging_mixin.py:190} INFO - [2025-04-05T11:50:13.545+0000] {dag.py:4180} INFO - Setting next_dagrun for dataset_produces_2 to None, run_after=None
[2025-04-05T11:50:13.583+0000] {processor.py:208} INFO - Processing /home/airflow/.local/lib/python3.12/site-packages/airflow/example_dags/example_datasets.py took 1.603 seconds
[2025-04-05T11:50:44.535+0000] {processor.py:186} INFO - Started process (PID=192) to work on /home/airflow/.local/lib/python3.12/site-packages/airflow/example_dags/example_datasets.py
[2025-04-05T11:50:44.539+0000] {processor.py:914} INFO - Processing file /home/airflow/.local/lib/python3.12/site-packages/airflow/example_dags/example_datasets.py for tasks to queue
[2025-04-05T11:50:44.544+0000] {logging_mixin.py:190} INFO - [2025-04-05T11:50:44.543+0000] {dagbag.py:588} INFO - Filling up the DagBag from /home/airflow/.local/lib/python3.12/site-packages/airflow/example_dags/example_datasets.py
[2025-04-05T11:50:45.195+0000] {processor.py:925} INFO - DAG(s) 'consume_1_or_both_2_and_3_with_dataset_expressions', 'consume_1_and_2_with_dataset_expressions', 'conditional_dataset_and_time_based_timetable', 'dataset_consumes_1', 'dataset_consumes_1_and_2', 'consume_1_or_2_with_dataset_expressions', 'dataset_produces_1', 'dataset_consumes_unknown_never_scheduled', 'dataset_produces_2', 'dataset_consumes_1_never_scheduled' retrieved from /home/airflow/.local/lib/python3.12/site-packages/airflow/example_dags/example_datasets.py
[2025-04-05T11:50:45.257+0000] {logging_mixin.py:190} INFO - [2025-04-05T11:50:45.257+0000] {dag.py:3239} INFO - Sync 10 DAGs
[2025-04-05T11:50:45.288+0000] {logging_mixin.py:190} INFO - [2025-04-05T11:50:45.287+0000] {dag.py:4180} INFO - Setting next_dagrun for conditional_dataset_and_time_based_timetable to 2025-04-02 01:00:00+00:00, run_after=2025-04-02 01:00:00+00:00
[2025-04-05T11:50:45.290+0000] {logging_mixin.py:190} INFO - [2025-04-05T11:50:45.290+0000] {dag.py:4180} INFO - Setting next_dagrun for consume_1_and_2_with_dataset_expressions to None, run_after=None
[2025-04-05T11:50:45.291+0000] {logging_mixin.py:190} INFO - [2025-04-05T11:50:45.290+0000] {dag.py:4180} INFO - Setting next_dagrun for consume_1_or_2_with_dataset_expressions to None, run_after=None
[2025-04-05T11:50:45.291+0000] {logging_mixin.py:190} INFO - [2025-04-05T11:50:45.291+0000] {dag.py:4180} INFO - Setting next_dagrun for consume_1_or_both_2_and_3_with_dataset_expressions to None, run_after=None
[2025-04-05T11:50:45.292+0000] {logging_mixin.py:190} INFO - [2025-04-05T11:50:45.292+0000] {dag.py:4180} INFO - Setting next_dagrun for dataset_consumes_1 to None, run_after=None
[2025-04-05T11:50:45.292+0000] {logging_mixin.py:190} INFO - [2025-04-05T11:50:45.292+0000] {dag.py:4180} INFO - Setting next_dagrun for dataset_consumes_1_and_2 to None, run_after=None
[2025-04-05T11:50:45.293+0000] {logging_mixin.py:190} INFO - [2025-04-05T11:50:45.293+0000] {dag.py:4180} INFO - Setting next_dagrun for dataset_consumes_1_never_scheduled to None, run_after=None
[2025-04-05T11:50:45.293+0000] {logging_mixin.py:190} INFO - [2025-04-05T11:50:45.293+0000] {dag.py:4180} INFO - Setting next_dagrun for dataset_consumes_unknown_never_scheduled to None, run_after=None
[2025-04-05T11:50:45.294+0000] {logging_mixin.py:190} INFO - [2025-04-05T11:50:45.294+0000] {dag.py:4180} INFO - Setting next_dagrun for dataset_produces_1 to 2025-04-04 00:00:00+00:00, run_after=2025-04-05 00:00:00+00:00
[2025-04-05T11:50:45.295+0000] {logging_mixin.py:190} INFO - [2025-04-05T11:50:45.295+0000] {dag.py:4180} INFO - Setting next_dagrun for dataset_produces_2 to None, run_after=None
[2025-04-05T11:50:45.323+0000] {processor.py:208} INFO - Processing /home/airflow/.local/lib/python3.12/site-packages/airflow/example_dags/example_datasets.py took 0.794 seconds
[2025-04-05T11:51:15.993+0000] {processor.py:186} INFO - Started process (PID=256) to work on /home/airflow/.local/lib/python3.12/site-packages/airflow/example_dags/example_datasets.py
[2025-04-05T11:51:15.995+0000] {processor.py:914} INFO - Processing file /home/airflow/.local/lib/python3.12/site-packages/airflow/example_dags/example_datasets.py for tasks to queue
[2025-04-05T11:51:16.000+0000] {logging_mixin.py:190} INFO - [2025-04-05T11:51:16.000+0000] {dagbag.py:588} INFO - Filling up the DagBag from /home/airflow/.local/lib/python3.12/site-packages/airflow/example_dags/example_datasets.py
[2025-04-05T11:51:16.578+0000] {processor.py:925} INFO - DAG(s) 'consume_1_or_both_2_and_3_with_dataset_expressions', 'dataset_consumes_1_never_scheduled', 'consume_1_or_2_with_dataset_expressions', 'consume_1_and_2_with_dataset_expressions', 'conditional_dataset_and_time_based_timetable', 'dataset_consumes_1', 'dataset_consumes_1_and_2', 'dataset_produces_1', 'dataset_consumes_unknown_never_scheduled', 'dataset_produces_2' retrieved from /home/airflow/.local/lib/python3.12/site-packages/airflow/example_dags/example_datasets.py
[2025-04-05T11:51:16.628+0000] {logging_mixin.py:190} INFO - [2025-04-05T11:51:16.628+0000] {dag.py:3239} INFO - Sync 10 DAGs
[2025-04-05T11:51:16.658+0000] {logging_mixin.py:190} INFO - [2025-04-05T11:51:16.658+0000] {dag.py:4180} INFO - Setting next_dagrun for conditional_dataset_and_time_based_timetable to 2025-04-02 01:00:00+00:00, run_after=2025-04-02 01:00:00+00:00
[2025-04-05T11:51:16.660+0000] {logging_mixin.py:190} INFO - [2025-04-05T11:51:16.660+0000] {dag.py:4180} INFO - Setting next_dagrun for consume_1_and_2_with_dataset_expressions to None, run_after=None
[2025-04-05T11:51:16.661+0000] {logging_mixin.py:190} INFO - [2025-04-05T11:51:16.661+0000] {dag.py:4180} INFO - Setting next_dagrun for consume_1_or_2_with_dataset_expressions to None, run_after=None
[2025-04-05T11:51:16.661+0000] {logging_mixin.py:190} INFO - [2025-04-05T11:51:16.661+0000] {dag.py:4180} INFO - Setting next_dagrun for consume_1_or_both_2_and_3_with_dataset_expressions to None, run_after=None
[2025-04-05T11:51:16.662+0000] {logging_mixin.py:190} INFO - [2025-04-05T11:51:16.662+0000] {dag.py:4180} INFO - Setting next_dagrun for dataset_consumes_1 to None, run_after=None
[2025-04-05T11:51:16.662+0000] {logging_mixin.py:190} INFO - [2025-04-05T11:51:16.662+0000] {dag.py:4180} INFO - Setting next_dagrun for dataset_consumes_1_and_2 to None, run_after=None
[2025-04-05T11:51:16.663+0000] {logging_mixin.py:190} INFO - [2025-04-05T11:51:16.663+0000] {dag.py:4180} INFO - Setting next_dagrun for dataset_consumes_1_never_scheduled to None, run_after=None
[2025-04-05T11:51:16.663+0000] {logging_mixin.py:190} INFO - [2025-04-05T11:51:16.663+0000] {dag.py:4180} INFO - Setting next_dagrun for dataset_consumes_unknown_never_scheduled to None, run_after=None
[2025-04-05T11:51:16.664+0000] {logging_mixin.py:190} INFO - [2025-04-05T11:51:16.664+0000] {dag.py:4180} INFO - Setting next_dagrun for dataset_produces_1 to 2025-04-04 00:00:00+00:00, run_after=2025-04-05 00:00:00+00:00
[2025-04-05T11:51:16.665+0000] {logging_mixin.py:190} INFO - [2025-04-05T11:51:16.665+0000] {dag.py:4180} INFO - Setting next_dagrun for dataset_produces_2 to None, run_after=None
[2025-04-05T11:51:16.690+0000] {processor.py:208} INFO - Processing /home/airflow/.local/lib/python3.12/site-packages/airflow/example_dags/example_datasets.py took 0.702 seconds
[2025-04-05T11:51:47.154+0000] {processor.py:186} INFO - Started process (PID=320) to work on /home/airflow/.local/lib/python3.12/site-packages/airflow/example_dags/example_datasets.py
[2025-04-05T11:51:47.157+0000] {processor.py:914} INFO - Processing file /home/airflow/.local/lib/python3.12/site-packages/airflow/example_dags/example_datasets.py for tasks to queue
[2025-04-05T11:51:47.161+0000] {logging_mixin.py:190} INFO - [2025-04-05T11:51:47.160+0000] {dagbag.py:588} INFO - Filling up the DagBag from /home/airflow/.local/lib/python3.12/site-packages/airflow/example_dags/example_datasets.py
[2025-04-05T11:51:47.787+0000] {processor.py:925} INFO - DAG(s) 'dataset_consumes_1_and_2', 'dataset_produces_2', 'dataset_produces_1', 'dataset_consumes_unknown_never_scheduled', 'conditional_dataset_and_time_based_timetable', 'dataset_consumes_1', 'consume_1_or_both_2_and_3_with_dataset_expressions', 'consume_1_and_2_with_dataset_expressions', 'consume_1_or_2_with_dataset_expressions', 'dataset_consumes_1_never_scheduled' retrieved from /home/airflow/.local/lib/python3.12/site-packages/airflow/example_dags/example_datasets.py
[2025-04-05T11:51:47.836+0000] {logging_mixin.py:190} INFO - [2025-04-05T11:51:47.835+0000] {dag.py:3239} INFO - Sync 10 DAGs
[2025-04-05T11:51:47.861+0000] {logging_mixin.py:190} INFO - [2025-04-05T11:51:47.860+0000] {dag.py:4180} INFO - Setting next_dagrun for conditional_dataset_and_time_based_timetable to 2025-04-02 01:00:00+00:00, run_after=2025-04-02 01:00:00+00:00
[2025-04-05T11:51:47.864+0000] {logging_mixin.py:190} INFO - [2025-04-05T11:51:47.864+0000] {dag.py:4180} INFO - Setting next_dagrun for consume_1_and_2_with_dataset_expressions to None, run_after=None
[2025-04-05T11:51:47.865+0000] {logging_mixin.py:190} INFO - [2025-04-05T11:51:47.865+0000] {dag.py:4180} INFO - Setting next_dagrun for consume_1_or_2_with_dataset_expressions to None, run_after=None
[2025-04-05T11:51:47.866+0000] {logging_mixin.py:190} INFO - [2025-04-05T11:51:47.866+0000] {dag.py:4180} INFO - Setting next_dagrun for consume_1_or_both_2_and_3_with_dataset_expressions to None, run_after=None
[2025-04-05T11:51:47.867+0000] {logging_mixin.py:190} INFO - [2025-04-05T11:51:47.867+0000] {dag.py:4180} INFO - Setting next_dagrun for dataset_consumes_1 to None, run_after=None
[2025-04-05T11:51:47.867+0000] {logging_mixin.py:190} INFO - [2025-04-05T11:51:47.867+0000] {dag.py:4180} INFO - Setting next_dagrun for dataset_consumes_1_and_2 to None, run_after=None
[2025-04-05T11:51:47.868+0000] {logging_mixin.py:190} INFO - [2025-04-05T11:51:47.868+0000] {dag.py:4180} INFO - Setting next_dagrun for dataset_consumes_1_never_scheduled to None, run_after=None
[2025-04-05T11:51:47.870+0000] {logging_mixin.py:190} INFO - [2025-04-05T11:51:47.870+0000] {dag.py:4180} INFO - Setting next_dagrun for dataset_consumes_unknown_never_scheduled to None, run_after=None
[2025-04-05T11:51:47.870+0000] {logging_mixin.py:190} INFO - [2025-04-05T11:51:47.870+0000] {dag.py:4180} INFO - Setting next_dagrun for dataset_produces_1 to 2025-04-04 00:00:00+00:00, run_after=2025-04-05 00:00:00+00:00
[2025-04-05T11:51:47.873+0000] {logging_mixin.py:190} INFO - [2025-04-05T11:51:47.873+0000] {dag.py:4180} INFO - Setting next_dagrun for dataset_produces_2 to None, run_after=None
[2025-04-05T11:51:47.897+0000] {processor.py:208} INFO - Processing /home/airflow/.local/lib/python3.12/site-packages/airflow/example_dags/example_datasets.py took 0.747 seconds
[2025-04-05T11:52:18.520+0000] {processor.py:186} INFO - Started process (PID=384) to work on /home/airflow/.local/lib/python3.12/site-packages/airflow/example_dags/example_datasets.py
[2025-04-05T11:52:18.523+0000] {processor.py:914} INFO - Processing file /home/airflow/.local/lib/python3.12/site-packages/airflow/example_dags/example_datasets.py for tasks to queue
[2025-04-05T11:52:18.527+0000] {logging_mixin.py:190} INFO - [2025-04-05T11:52:18.527+0000] {dagbag.py:588} INFO - Filling up the DagBag from /home/airflow/.local/lib/python3.12/site-packages/airflow/example_dags/example_datasets.py
[2025-04-05T11:52:19.171+0000] {processor.py:925} INFO - DAG(s) 'dataset_consumes_unknown_never_scheduled', 'dataset_consumes_1', 'dataset_consumes_1_and_2', 'dataset_produces_2', 'conditional_dataset_and_time_based_timetable', 'dataset_produces_1', 'consume_1_and_2_with_dataset_expressions', 'dataset_consumes_1_never_scheduled', 'consume_1_or_both_2_and_3_with_dataset_expressions', 'consume_1_or_2_with_dataset_expressions' retrieved from /home/airflow/.local/lib/python3.12/site-packages/airflow/example_dags/example_datasets.py
[2025-04-05T11:52:19.199+0000] {logging_mixin.py:190} INFO - [2025-04-05T11:52:19.199+0000] {dag.py:3239} INFO - Sync 10 DAGs
[2025-04-05T11:52:19.216+0000] {logging_mixin.py:190} INFO - [2025-04-05T11:52:19.216+0000] {dag.py:4180} INFO - Setting next_dagrun for conditional_dataset_and_time_based_timetable to 2025-04-02 01:00:00+00:00, run_after=2025-04-02 01:00:00+00:00
[2025-04-05T11:52:19.218+0000] {logging_mixin.py:190} INFO - [2025-04-05T11:52:19.218+0000] {dag.py:4180} INFO - Setting next_dagrun for consume_1_and_2_with_dataset_expressions to None, run_after=None
[2025-04-05T11:52:19.219+0000] {logging_mixin.py:190} INFO - [2025-04-05T11:52:19.219+0000] {dag.py:4180} INFO - Setting next_dagrun for consume_1_or_2_with_dataset_expressions to None, run_after=None
[2025-04-05T11:52:19.219+0000] {logging_mixin.py:190} INFO - [2025-04-05T11:52:19.219+0000] {dag.py:4180} INFO - Setting next_dagrun for consume_1_or_both_2_and_3_with_dataset_expressions to None, run_after=None
[2025-04-05T11:52:19.220+0000] {logging_mixin.py:190} INFO - [2025-04-05T11:52:19.220+0000] {dag.py:4180} INFO - Setting next_dagrun for dataset_consumes_1 to None, run_after=None
[2025-04-05T11:52:19.220+0000] {logging_mixin.py:190} INFO - [2025-04-05T11:52:19.220+0000] {dag.py:4180} INFO - Setting next_dagrun for dataset_consumes_1_and_2 to None, run_after=None
[2025-04-05T11:52:19.221+0000] {logging_mixin.py:190} INFO - [2025-04-05T11:52:19.221+0000] {dag.py:4180} INFO - Setting next_dagrun for dataset_consumes_1_never_scheduled to None, run_after=None
[2025-04-05T11:52:19.221+0000] {logging_mixin.py:190} INFO - [2025-04-05T11:52:19.221+0000] {dag.py:4180} INFO - Setting next_dagrun for dataset_consumes_unknown_never_scheduled to None, run_after=None
[2025-04-05T11:52:19.222+0000] {logging_mixin.py:190} INFO - [2025-04-05T11:52:19.222+0000] {dag.py:4180} INFO - Setting next_dagrun for dataset_produces_1 to 2025-04-04 00:00:00+00:00, run_after=2025-04-05 00:00:00+00:00
[2025-04-05T11:52:19.222+0000] {logging_mixin.py:190} INFO - [2025-04-05T11:52:19.222+0000] {dag.py:4180} INFO - Setting next_dagrun for dataset_produces_2 to None, run_after=None
[2025-04-05T11:52:19.249+0000] {processor.py:208} INFO - Processing /home/airflow/.local/lib/python3.12/site-packages/airflow/example_dags/example_datasets.py took 0.736 seconds
[2025-04-05T12:07:24.103+0000] {processor.py:186} INFO - Started process (PID=121) to work on /home/airflow/.local/lib/python3.12/site-packages/airflow/example_dags/example_datasets.py
[2025-04-05T12:07:24.104+0000] {processor.py:914} INFO - Processing file /home/airflow/.local/lib/python3.12/site-packages/airflow/example_dags/example_datasets.py for tasks to queue
[2025-04-05T12:07:24.105+0000] {logging_mixin.py:190} INFO - [2025-04-05T12:07:24.105+0000] {dagbag.py:588} INFO - Filling up the DagBag from /home/airflow/.local/lib/python3.12/site-packages/airflow/example_dags/example_datasets.py
[2025-04-05T12:07:24.624+0000] {processor.py:925} INFO - DAG(s) 'consume_1_and_2_with_dataset_expressions', 'dataset_consumes_1_and_2', 'consume_1_or_both_2_and_3_with_dataset_expressions', 'dataset_consumes_1', 'dataset_produces_2', 'dataset_consumes_1_never_scheduled', 'conditional_dataset_and_time_based_timetable', 'dataset_consumes_unknown_never_scheduled', 'consume_1_or_2_with_dataset_expressions', 'dataset_produces_1' retrieved from /home/airflow/.local/lib/python3.12/site-packages/airflow/example_dags/example_datasets.py
[2025-04-05T12:07:24.660+0000] {logging_mixin.py:190} INFO - [2025-04-05T12:07:24.660+0000] {dag.py:3239} INFO - Sync 10 DAGs
[2025-04-05T12:07:24.680+0000] {logging_mixin.py:190} INFO - [2025-04-05T12:07:24.680+0000] {dag.py:4180} INFO - Setting next_dagrun for conditional_dataset_and_time_based_timetable to 2025-04-02 01:00:00+00:00, run_after=2025-04-02 01:00:00+00:00
[2025-04-05T12:07:24.684+0000] {logging_mixin.py:190} INFO - [2025-04-05T12:07:24.684+0000] {dag.py:4180} INFO - Setting next_dagrun for consume_1_and_2_with_dataset_expressions to None, run_after=None
[2025-04-05T12:07:24.686+0000] {logging_mixin.py:190} INFO - [2025-04-05T12:07:24.686+0000] {dag.py:4180} INFO - Setting next_dagrun for consume_1_or_2_with_dataset_expressions to None, run_after=None
[2025-04-05T12:07:24.687+0000] {logging_mixin.py:190} INFO - [2025-04-05T12:07:24.687+0000] {dag.py:4180} INFO - Setting next_dagrun for consume_1_or_both_2_and_3_with_dataset_expressions to None, run_after=None
[2025-04-05T12:07:24.688+0000] {logging_mixin.py:190} INFO - [2025-04-05T12:07:24.687+0000] {dag.py:4180} INFO - Setting next_dagrun for dataset_consumes_1 to None, run_after=None
[2025-04-05T12:07:24.689+0000] {logging_mixin.py:190} INFO - [2025-04-05T12:07:24.689+0000] {dag.py:4180} INFO - Setting next_dagrun for dataset_consumes_1_and_2 to None, run_after=None
[2025-04-05T12:07:24.690+0000] {logging_mixin.py:190} INFO - [2025-04-05T12:07:24.689+0000] {dag.py:4180} INFO - Setting next_dagrun for dataset_consumes_1_never_scheduled to None, run_after=None
[2025-04-05T12:07:24.690+0000] {logging_mixin.py:190} INFO - [2025-04-05T12:07:24.690+0000] {dag.py:4180} INFO - Setting next_dagrun for dataset_consumes_unknown_never_scheduled to None, run_after=None
[2025-04-05T12:07:24.692+0000] {logging_mixin.py:190} INFO - [2025-04-05T12:07:24.692+0000] {dag.py:4180} INFO - Setting next_dagrun for dataset_produces_1 to 2025-04-04 00:00:00+00:00, run_after=2025-04-05 00:00:00+00:00
[2025-04-05T12:07:24.696+0000] {logging_mixin.py:190} INFO - [2025-04-05T12:07:24.696+0000] {dag.py:4180} INFO - Setting next_dagrun for dataset_produces_2 to None, run_after=None
[2025-04-05T12:07:24.716+0000] {processor.py:208} INFO - Processing /home/airflow/.local/lib/python3.12/site-packages/airflow/example_dags/example_datasets.py took 0.618 seconds
[2025-04-05T12:07:55.689+0000] {processor.py:186} INFO - Started process (PID=185) to work on /home/airflow/.local/lib/python3.12/site-packages/airflow/example_dags/example_datasets.py
[2025-04-05T12:07:55.693+0000] {processor.py:914} INFO - Processing file /home/airflow/.local/lib/python3.12/site-packages/airflow/example_dags/example_datasets.py for tasks to queue
[2025-04-05T12:07:55.696+0000] {logging_mixin.py:190} INFO - [2025-04-05T12:07:55.695+0000] {dagbag.py:588} INFO - Filling up the DagBag from /home/airflow/.local/lib/python3.12/site-packages/airflow/example_dags/example_datasets.py
[2025-04-05T12:07:56.184+0000] {processor.py:925} INFO - DAG(s) 'dataset_consumes_1', 'consume_1_or_both_2_and_3_with_dataset_expressions', 'dataset_produces_1', 'dataset_consumes_1_and_2', 'consume_1_or_2_with_dataset_expressions', 'conditional_dataset_and_time_based_timetable', 'dataset_consumes_1_never_scheduled', 'consume_1_and_2_with_dataset_expressions', 'dataset_produces_2', 'dataset_consumes_unknown_never_scheduled' retrieved from /home/airflow/.local/lib/python3.12/site-packages/airflow/example_dags/example_datasets.py
[2025-04-05T12:07:56.214+0000] {logging_mixin.py:190} INFO - [2025-04-05T12:07:56.213+0000] {dag.py:3239} INFO - Sync 10 DAGs
[2025-04-05T12:07:56.225+0000] {logging_mixin.py:190} INFO - [2025-04-05T12:07:56.225+0000] {dag.py:4180} INFO - Setting next_dagrun for conditional_dataset_and_time_based_timetable to 2025-04-02 01:00:00+00:00, run_after=2025-04-02 01:00:00+00:00
[2025-04-05T12:07:56.227+0000] {logging_mixin.py:190} INFO - [2025-04-05T12:07:56.227+0000] {dag.py:4180} INFO - Setting next_dagrun for consume_1_and_2_with_dataset_expressions to None, run_after=None
[2025-04-05T12:07:56.228+0000] {logging_mixin.py:190} INFO - [2025-04-05T12:07:56.228+0000] {dag.py:4180} INFO - Setting next_dagrun for consume_1_or_2_with_dataset_expressions to None, run_after=None
[2025-04-05T12:07:56.229+0000] {logging_mixin.py:190} INFO - [2025-04-05T12:07:56.229+0000] {dag.py:4180} INFO - Setting next_dagrun for consume_1_or_both_2_and_3_with_dataset_expressions to None, run_after=None
[2025-04-05T12:07:56.230+0000] {logging_mixin.py:190} INFO - [2025-04-05T12:07:56.229+0000] {dag.py:4180} INFO - Setting next_dagrun for dataset_consumes_1 to None, run_after=None
[2025-04-05T12:07:56.230+0000] {logging_mixin.py:190} INFO - [2025-04-05T12:07:56.230+0000] {dag.py:4180} INFO - Setting next_dagrun for dataset_consumes_1_and_2 to None, run_after=None
[2025-04-05T12:07:56.231+0000] {logging_mixin.py:190} INFO - [2025-04-05T12:07:56.231+0000] {dag.py:4180} INFO - Setting next_dagrun for dataset_consumes_1_never_scheduled to None, run_after=None
[2025-04-05T12:07:56.235+0000] {logging_mixin.py:190} INFO - [2025-04-05T12:07:56.234+0000] {dag.py:4180} INFO - Setting next_dagrun for dataset_consumes_unknown_never_scheduled to None, run_after=None
[2025-04-05T12:07:56.236+0000] {logging_mixin.py:190} INFO - [2025-04-05T12:07:56.235+0000] {dag.py:4180} INFO - Setting next_dagrun for dataset_produces_1 to 2025-04-04 00:00:00+00:00, run_after=2025-04-05 00:00:00+00:00
[2025-04-05T12:07:56.238+0000] {logging_mixin.py:190} INFO - [2025-04-05T12:07:56.238+0000] {dag.py:4180} INFO - Setting next_dagrun for dataset_produces_2 to None, run_after=None
[2025-04-05T12:07:56.256+0000] {processor.py:208} INFO - Processing /home/airflow/.local/lib/python3.12/site-packages/airflow/example_dags/example_datasets.py took 0.572 seconds
[2025-04-05T12:08:26.407+0000] {processor.py:186} INFO - Started process (PID=249) to work on /home/airflow/.local/lib/python3.12/site-packages/airflow/example_dags/example_datasets.py
[2025-04-05T12:08:26.411+0000] {processor.py:914} INFO - Processing file /home/airflow/.local/lib/python3.12/site-packages/airflow/example_dags/example_datasets.py for tasks to queue
[2025-04-05T12:08:26.414+0000] {logging_mixin.py:190} INFO - [2025-04-05T12:08:26.414+0000] {dagbag.py:588} INFO - Filling up the DagBag from /home/airflow/.local/lib/python3.12/site-packages/airflow/example_dags/example_datasets.py
[2025-04-05T12:08:27.664+0000] {processor.py:925} INFO - DAG(s) 'conditional_dataset_and_time_based_timetable', 'dataset_consumes_1_never_scheduled', 'dataset_produces_2', 'dataset_consumes_unknown_never_scheduled', 'dataset_consumes_1_and_2', 'consume_1_or_both_2_and_3_with_dataset_expressions', 'dataset_consumes_1', 'consume_1_or_2_with_dataset_expressions', 'consume_1_and_2_with_dataset_expressions', 'dataset_produces_1' retrieved from /home/airflow/.local/lib/python3.12/site-packages/airflow/example_dags/example_datasets.py
[2025-04-05T12:08:27.766+0000] {logging_mixin.py:190} INFO - [2025-04-05T12:08:27.765+0000] {dag.py:3239} INFO - Sync 10 DAGs
[2025-04-05T12:08:27.851+0000] {logging_mixin.py:190} INFO - [2025-04-05T12:08:27.850+0000] {dag.py:4180} INFO - Setting next_dagrun for conditional_dataset_and_time_based_timetable to 2025-04-02 01:00:00+00:00, run_after=2025-04-02 01:00:00+00:00
[2025-04-05T12:08:27.855+0000] {logging_mixin.py:190} INFO - [2025-04-05T12:08:27.855+0000] {dag.py:4180} INFO - Setting next_dagrun for consume_1_and_2_with_dataset_expressions to None, run_after=None
[2025-04-05T12:08:27.864+0000] {logging_mixin.py:190} INFO - [2025-04-05T12:08:27.863+0000] {dag.py:4180} INFO - Setting next_dagrun for consume_1_or_2_with_dataset_expressions to None, run_after=None
[2025-04-05T12:08:27.869+0000] {logging_mixin.py:190} INFO - [2025-04-05T12:08:27.868+0000] {dag.py:4180} INFO - Setting next_dagrun for consume_1_or_both_2_and_3_with_dataset_expressions to None, run_after=None
[2025-04-05T12:08:27.873+0000] {logging_mixin.py:190} INFO - [2025-04-05T12:08:27.873+0000] {dag.py:4180} INFO - Setting next_dagrun for dataset_consumes_1 to None, run_after=None
[2025-04-05T12:08:27.877+0000] {logging_mixin.py:190} INFO - [2025-04-05T12:08:27.876+0000] {dag.py:4180} INFO - Setting next_dagrun for dataset_consumes_1_and_2 to None, run_after=None
[2025-04-05T12:08:27.880+0000] {logging_mixin.py:190} INFO - [2025-04-05T12:08:27.879+0000] {dag.py:4180} INFO - Setting next_dagrun for dataset_consumes_1_never_scheduled to None, run_after=None
[2025-04-05T12:08:27.883+0000] {logging_mixin.py:190} INFO - [2025-04-05T12:08:27.882+0000] {dag.py:4180} INFO - Setting next_dagrun for dataset_consumes_unknown_never_scheduled to None, run_after=None
[2025-04-05T12:08:27.885+0000] {logging_mixin.py:190} INFO - [2025-04-05T12:08:27.885+0000] {dag.py:4180} INFO - Setting next_dagrun for dataset_produces_1 to 2025-04-04 00:00:00+00:00, run_after=2025-04-05 00:00:00+00:00
[2025-04-05T12:08:27.886+0000] {logging_mixin.py:190} INFO - [2025-04-05T12:08:27.886+0000] {dag.py:4180} INFO - Setting next_dagrun for dataset_produces_2 to None, run_after=None
[2025-04-05T12:08:27.954+0000] {processor.py:208} INFO - Processing /home/airflow/.local/lib/python3.12/site-packages/airflow/example_dags/example_datasets.py took 1.557 seconds
[2025-04-05T12:08:58.385+0000] {processor.py:186} INFO - Started process (PID=313) to work on /home/airflow/.local/lib/python3.12/site-packages/airflow/example_dags/example_datasets.py
[2025-04-05T12:08:58.389+0000] {processor.py:914} INFO - Processing file /home/airflow/.local/lib/python3.12/site-packages/airflow/example_dags/example_datasets.py for tasks to queue
[2025-04-05T12:08:58.392+0000] {logging_mixin.py:190} INFO - [2025-04-05T12:08:58.391+0000] {dagbag.py:588} INFO - Filling up the DagBag from /home/airflow/.local/lib/python3.12/site-packages/airflow/example_dags/example_datasets.py
[2025-04-05T12:08:58.993+0000] {processor.py:925} INFO - DAG(s) 'consume_1_or_2_with_dataset_expressions', 'conditional_dataset_and_time_based_timetable', 'dataset_produces_1', 'dataset_consumes_1', 'dataset_produces_2', 'dataset_consumes_1_and_2', 'consume_1_or_both_2_and_3_with_dataset_expressions', 'dataset_consumes_1_never_scheduled', 'dataset_consumes_unknown_never_scheduled', 'consume_1_and_2_with_dataset_expressions' retrieved from /home/airflow/.local/lib/python3.12/site-packages/airflow/example_dags/example_datasets.py
[2025-04-05T12:08:59.020+0000] {logging_mixin.py:190} INFO - [2025-04-05T12:08:59.020+0000] {dag.py:3239} INFO - Sync 10 DAGs
[2025-04-05T12:08:59.035+0000] {logging_mixin.py:190} INFO - [2025-04-05T12:08:59.035+0000] {dag.py:4180} INFO - Setting next_dagrun for conditional_dataset_and_time_based_timetable to 2025-04-02 01:00:00+00:00, run_after=2025-04-02 01:00:00+00:00
[2025-04-05T12:08:59.040+0000] {logging_mixin.py:190} INFO - [2025-04-05T12:08:59.040+0000] {dag.py:4180} INFO - Setting next_dagrun for consume_1_and_2_with_dataset_expressions to None, run_after=None
[2025-04-05T12:08:59.042+0000] {logging_mixin.py:190} INFO - [2025-04-05T12:08:59.042+0000] {dag.py:4180} INFO - Setting next_dagrun for consume_1_or_2_with_dataset_expressions to None, run_after=None
[2025-04-05T12:08:59.043+0000] {logging_mixin.py:190} INFO - [2025-04-05T12:08:59.043+0000] {dag.py:4180} INFO - Setting next_dagrun for consume_1_or_both_2_and_3_with_dataset_expressions to None, run_after=None
[2025-04-05T12:08:59.043+0000] {logging_mixin.py:190} INFO - [2025-04-05T12:08:59.043+0000] {dag.py:4180} INFO - Setting next_dagrun for dataset_consumes_1 to None, run_after=None
[2025-04-05T12:08:59.044+0000] {logging_mixin.py:190} INFO - [2025-04-05T12:08:59.043+0000] {dag.py:4180} INFO - Setting next_dagrun for dataset_consumes_1_and_2 to None, run_after=None
[2025-04-05T12:08:59.045+0000] {logging_mixin.py:190} INFO - [2025-04-05T12:08:59.044+0000] {dag.py:4180} INFO - Setting next_dagrun for dataset_consumes_1_never_scheduled to None, run_after=None
[2025-04-05T12:08:59.045+0000] {logging_mixin.py:190} INFO - [2025-04-05T12:08:59.045+0000] {dag.py:4180} INFO - Setting next_dagrun for dataset_consumes_unknown_never_scheduled to None, run_after=None
[2025-04-05T12:08:59.046+0000] {logging_mixin.py:190} INFO - [2025-04-05T12:08:59.046+0000] {dag.py:4180} INFO - Setting next_dagrun for dataset_produces_1 to 2025-04-04 00:00:00+00:00, run_after=2025-04-05 00:00:00+00:00
[2025-04-05T12:08:59.050+0000] {logging_mixin.py:190} INFO - [2025-04-05T12:08:59.050+0000] {dag.py:4180} INFO - Setting next_dagrun for dataset_produces_2 to None, run_after=None
[2025-04-05T12:08:59.072+0000] {processor.py:208} INFO - Processing /home/airflow/.local/lib/python3.12/site-packages/airflow/example_dags/example_datasets.py took 0.695 seconds
[2025-04-05T12:09:29.270+0000] {processor.py:186} INFO - Started process (PID=377) to work on /home/airflow/.local/lib/python3.12/site-packages/airflow/example_dags/example_datasets.py
[2025-04-05T12:09:29.273+0000] {processor.py:914} INFO - Processing file /home/airflow/.local/lib/python3.12/site-packages/airflow/example_dags/example_datasets.py for tasks to queue
[2025-04-05T12:09:29.277+0000] {logging_mixin.py:190} INFO - [2025-04-05T12:09:29.277+0000] {dagbag.py:588} INFO - Filling up the DagBag from /home/airflow/.local/lib/python3.12/site-packages/airflow/example_dags/example_datasets.py
[2025-04-05T12:09:29.796+0000] {processor.py:925} INFO - DAG(s) 'dataset_consumes_1_never_scheduled', 'dataset_consumes_1_and_2', 'dataset_consumes_unknown_never_scheduled', 'consume_1_and_2_with_dataset_expressions', 'conditional_dataset_and_time_based_timetable', 'dataset_produces_2', 'dataset_produces_1', 'consume_1_or_2_with_dataset_expressions', 'consume_1_or_both_2_and_3_with_dataset_expressions', 'dataset_consumes_1' retrieved from /home/airflow/.local/lib/python3.12/site-packages/airflow/example_dags/example_datasets.py
[2025-04-05T12:09:29.823+0000] {logging_mixin.py:190} INFO - [2025-04-05T12:09:29.823+0000] {dag.py:3239} INFO - Sync 10 DAGs
[2025-04-05T12:09:29.837+0000] {logging_mixin.py:190} INFO - [2025-04-05T12:09:29.837+0000] {dag.py:4180} INFO - Setting next_dagrun for conditional_dataset_and_time_based_timetable to 2025-04-02 01:00:00+00:00, run_after=2025-04-02 01:00:00+00:00
[2025-04-05T12:09:29.840+0000] {logging_mixin.py:190} INFO - [2025-04-05T12:09:29.840+0000] {dag.py:4180} INFO - Setting next_dagrun for consume_1_and_2_with_dataset_expressions to None, run_after=None
[2025-04-05T12:09:29.844+0000] {logging_mixin.py:190} INFO - [2025-04-05T12:09:29.844+0000] {dag.py:4180} INFO - Setting next_dagrun for consume_1_or_2_with_dataset_expressions to None, run_after=None
[2025-04-05T12:09:29.845+0000] {logging_mixin.py:190} INFO - [2025-04-05T12:09:29.845+0000] {dag.py:4180} INFO - Setting next_dagrun for consume_1_or_both_2_and_3_with_dataset_expressions to None, run_after=None
[2025-04-05T12:09:29.846+0000] {logging_mixin.py:190} INFO - [2025-04-05T12:09:29.846+0000] {dag.py:4180} INFO - Setting next_dagrun for dataset_consumes_1 to None, run_after=None
[2025-04-05T12:09:29.847+0000] {logging_mixin.py:190} INFO - [2025-04-05T12:09:29.847+0000] {dag.py:4180} INFO - Setting next_dagrun for dataset_consumes_1_and_2 to None, run_after=None
[2025-04-05T12:09:29.848+0000] {logging_mixin.py:190} INFO - [2025-04-05T12:09:29.848+0000] {dag.py:4180} INFO - Setting next_dagrun for dataset_consumes_1_never_scheduled to None, run_after=None
[2025-04-05T12:09:29.848+0000] {logging_mixin.py:190} INFO - [2025-04-05T12:09:29.848+0000] {dag.py:4180} INFO - Setting next_dagrun for dataset_consumes_unknown_never_scheduled to None, run_after=None
[2025-04-05T12:09:29.850+0000] {logging_mixin.py:190} INFO - [2025-04-05T12:09:29.850+0000] {dag.py:4180} INFO - Setting next_dagrun for dataset_produces_1 to 2025-04-04 00:00:00+00:00, run_after=2025-04-05 00:00:00+00:00
[2025-04-05T12:09:29.850+0000] {logging_mixin.py:190} INFO - [2025-04-05T12:09:29.850+0000] {dag.py:4180} INFO - Setting next_dagrun for dataset_produces_2 to None, run_after=None
[2025-04-05T12:09:29.865+0000] {processor.py:208} INFO - Processing /home/airflow/.local/lib/python3.12/site-packages/airflow/example_dags/example_datasets.py took 0.605 seconds
[2025-04-05T12:09:59.986+0000] {processor.py:186} INFO - Started process (PID=441) to work on /home/airflow/.local/lib/python3.12/site-packages/airflow/example_dags/example_datasets.py
[2025-04-05T12:09:59.991+0000] {processor.py:914} INFO - Processing file /home/airflow/.local/lib/python3.12/site-packages/airflow/example_dags/example_datasets.py for tasks to queue
[2025-04-05T12:09:59.996+0000] {logging_mixin.py:190} INFO - [2025-04-05T12:09:59.995+0000] {dagbag.py:588} INFO - Filling up the DagBag from /home/airflow/.local/lib/python3.12/site-packages/airflow/example_dags/example_datasets.py
[2025-04-05T12:10:00.502+0000] {processor.py:925} INFO - DAG(s) 'dataset_produces_2', 'consume_1_or_both_2_and_3_with_dataset_expressions', 'dataset_consumes_1_never_scheduled', 'consume_1_or_2_with_dataset_expressions', 'dataset_consumes_unknown_never_scheduled', 'dataset_consumes_1', 'dataset_produces_1', 'dataset_consumes_1_and_2', 'consume_1_and_2_with_dataset_expressions', 'conditional_dataset_and_time_based_timetable' retrieved from /home/airflow/.local/lib/python3.12/site-packages/airflow/example_dags/example_datasets.py
[2025-04-05T12:10:00.526+0000] {logging_mixin.py:190} INFO - [2025-04-05T12:10:00.526+0000] {dag.py:3239} INFO - Sync 10 DAGs
[2025-04-05T12:10:00.538+0000] {logging_mixin.py:190} INFO - [2025-04-05T12:10:00.538+0000] {dag.py:4180} INFO - Setting next_dagrun for conditional_dataset_and_time_based_timetable to 2025-04-02 01:00:00+00:00, run_after=2025-04-02 01:00:00+00:00
[2025-04-05T12:10:00.540+0000] {logging_mixin.py:190} INFO - [2025-04-05T12:10:00.540+0000] {dag.py:4180} INFO - Setting next_dagrun for consume_1_and_2_with_dataset_expressions to None, run_after=None
[2025-04-05T12:10:00.541+0000] {logging_mixin.py:190} INFO - [2025-04-05T12:10:00.541+0000] {dag.py:4180} INFO - Setting next_dagrun for consume_1_or_2_with_dataset_expressions to None, run_after=None
[2025-04-05T12:10:00.543+0000] {logging_mixin.py:190} INFO - [2025-04-05T12:10:00.543+0000] {dag.py:4180} INFO - Setting next_dagrun for consume_1_or_both_2_and_3_with_dataset_expressions to None, run_after=None
[2025-04-05T12:10:00.545+0000] {logging_mixin.py:190} INFO - [2025-04-05T12:10:00.544+0000] {dag.py:4180} INFO - Setting next_dagrun for dataset_consumes_1 to None, run_after=None
[2025-04-05T12:10:00.545+0000] {logging_mixin.py:190} INFO - [2025-04-05T12:10:00.545+0000] {dag.py:4180} INFO - Setting next_dagrun for dataset_consumes_1_and_2 to None, run_after=None
[2025-04-05T12:10:00.547+0000] {logging_mixin.py:190} INFO - [2025-04-05T12:10:00.546+0000] {dag.py:4180} INFO - Setting next_dagrun for dataset_consumes_1_never_scheduled to None, run_after=None
[2025-04-05T12:10:00.547+0000] {logging_mixin.py:190} INFO - [2025-04-05T12:10:00.547+0000] {dag.py:4180} INFO - Setting next_dagrun for dataset_consumes_unknown_never_scheduled to None, run_after=None
[2025-04-05T12:10:00.550+0000] {logging_mixin.py:190} INFO - [2025-04-05T12:10:00.550+0000] {dag.py:4180} INFO - Setting next_dagrun for dataset_produces_1 to 2025-04-04 00:00:00+00:00, run_after=2025-04-05 00:00:00+00:00
[2025-04-05T12:10:00.551+0000] {logging_mixin.py:190} INFO - [2025-04-05T12:10:00.551+0000] {dag.py:4180} INFO - Setting next_dagrun for dataset_produces_2 to None, run_after=None
[2025-04-05T12:10:00.567+0000] {processor.py:208} INFO - Processing /home/airflow/.local/lib/python3.12/site-packages/airflow/example_dags/example_datasets.py took 0.590 seconds
[2025-04-05T12:10:30.840+0000] {processor.py:186} INFO - Started process (PID=505) to work on /home/airflow/.local/lib/python3.12/site-packages/airflow/example_dags/example_datasets.py
[2025-04-05T12:10:30.847+0000] {processor.py:914} INFO - Processing file /home/airflow/.local/lib/python3.12/site-packages/airflow/example_dags/example_datasets.py for tasks to queue
[2025-04-05T12:10:30.852+0000] {logging_mixin.py:190} INFO - [2025-04-05T12:10:30.852+0000] {dagbag.py:588} INFO - Filling up the DagBag from /home/airflow/.local/lib/python3.12/site-packages/airflow/example_dags/example_datasets.py
[2025-04-05T12:10:31.308+0000] {processor.py:925} INFO - DAG(s) 'consume_1_or_both_2_and_3_with_dataset_expressions', 'dataset_consumes_unknown_never_scheduled', 'consume_1_and_2_with_dataset_expressions', 'dataset_produces_2', 'dataset_produces_1', 'dataset_consumes_1_never_scheduled', 'dataset_consumes_1_and_2', 'consume_1_or_2_with_dataset_expressions', 'dataset_consumes_1', 'conditional_dataset_and_time_based_timetable' retrieved from /home/airflow/.local/lib/python3.12/site-packages/airflow/example_dags/example_datasets.py
[2025-04-05T12:10:31.425+0000] {logging_mixin.py:190} INFO - [2025-04-05T12:10:31.418+0000] {dag.py:3239} INFO - Sync 10 DAGs
[2025-04-05T12:10:31.499+0000] {logging_mixin.py:190} INFO - [2025-04-05T12:10:31.499+0000] {dag.py:4180} INFO - Setting next_dagrun for conditional_dataset_and_time_based_timetable to 2025-04-02 01:00:00+00:00, run_after=2025-04-02 01:00:00+00:00
[2025-04-05T12:10:31.511+0000] {logging_mixin.py:190} INFO - [2025-04-05T12:10:31.511+0000] {dag.py:4180} INFO - Setting next_dagrun for consume_1_and_2_with_dataset_expressions to None, run_after=None
[2025-04-05T12:10:31.521+0000] {logging_mixin.py:190} INFO - [2025-04-05T12:10:31.521+0000] {dag.py:4180} INFO - Setting next_dagrun for consume_1_or_2_with_dataset_expressions to None, run_after=None
[2025-04-05T12:10:31.524+0000] {logging_mixin.py:190} INFO - [2025-04-05T12:10:31.524+0000] {dag.py:4180} INFO - Setting next_dagrun for consume_1_or_both_2_and_3_with_dataset_expressions to None, run_after=None
[2025-04-05T12:10:31.526+0000] {logging_mixin.py:190} INFO - [2025-04-05T12:10:31.526+0000] {dag.py:4180} INFO - Setting next_dagrun for dataset_consumes_1 to None, run_after=None
[2025-04-05T12:10:31.528+0000] {logging_mixin.py:190} INFO - [2025-04-05T12:10:31.527+0000] {dag.py:4180} INFO - Setting next_dagrun for dataset_consumes_1_and_2 to None, run_after=None
[2025-04-05T12:10:31.530+0000] {logging_mixin.py:190} INFO - [2025-04-05T12:10:31.530+0000] {dag.py:4180} INFO - Setting next_dagrun for dataset_consumes_1_never_scheduled to None, run_after=None
[2025-04-05T12:10:31.531+0000] {logging_mixin.py:190} INFO - [2025-04-05T12:10:31.531+0000] {dag.py:4180} INFO - Setting next_dagrun for dataset_consumes_unknown_never_scheduled to None, run_after=None
[2025-04-05T12:10:31.533+0000] {logging_mixin.py:190} INFO - [2025-04-05T12:10:31.533+0000] {dag.py:4180} INFO - Setting next_dagrun for dataset_produces_1 to 2025-04-04 00:00:00+00:00, run_after=2025-04-05 00:00:00+00:00
[2025-04-05T12:10:31.535+0000] {logging_mixin.py:190} INFO - [2025-04-05T12:10:31.535+0000] {dag.py:4180} INFO - Setting next_dagrun for dataset_produces_2 to None, run_after=None
[2025-04-05T12:10:31.567+0000] {processor.py:208} INFO - Processing /home/airflow/.local/lib/python3.12/site-packages/airflow/example_dags/example_datasets.py took 0.734 seconds
[2025-04-05T12:11:02.081+0000] {processor.py:186} INFO - Started process (PID=569) to work on /home/airflow/.local/lib/python3.12/site-packages/airflow/example_dags/example_datasets.py
[2025-04-05T12:11:02.084+0000] {processor.py:914} INFO - Processing file /home/airflow/.local/lib/python3.12/site-packages/airflow/example_dags/example_datasets.py for tasks to queue
[2025-04-05T12:11:02.089+0000] {logging_mixin.py:190} INFO - [2025-04-05T12:11:02.088+0000] {dagbag.py:588} INFO - Filling up the DagBag from /home/airflow/.local/lib/python3.12/site-packages/airflow/example_dags/example_datasets.py
[2025-04-05T12:11:03.073+0000] {processor.py:925} INFO - DAG(s) 'consume_1_or_2_with_dataset_expressions', 'conditional_dataset_and_time_based_timetable', 'consume_1_or_both_2_and_3_with_dataset_expressions', 'dataset_produces_1', 'dataset_produces_2', 'dataset_consumes_unknown_never_scheduled', 'consume_1_and_2_with_dataset_expressions', 'dataset_consumes_1_never_scheduled', 'dataset_consumes_1', 'dataset_consumes_1_and_2' retrieved from /home/airflow/.local/lib/python3.12/site-packages/airflow/example_dags/example_datasets.py
[2025-04-05T12:11:03.130+0000] {logging_mixin.py:190} INFO - [2025-04-05T12:11:03.130+0000] {dag.py:3239} INFO - Sync 10 DAGs
[2025-04-05T12:11:03.150+0000] {logging_mixin.py:190} INFO - [2025-04-05T12:11:03.150+0000] {dag.py:4180} INFO - Setting next_dagrun for conditional_dataset_and_time_based_timetable to 2025-04-02 01:00:00+00:00, run_after=2025-04-02 01:00:00+00:00
[2025-04-05T12:11:03.157+0000] {logging_mixin.py:190} INFO - [2025-04-05T12:11:03.157+0000] {dag.py:4180} INFO - Setting next_dagrun for consume_1_and_2_with_dataset_expressions to None, run_after=None
[2025-04-05T12:11:03.158+0000] {logging_mixin.py:190} INFO - [2025-04-05T12:11:03.158+0000] {dag.py:4180} INFO - Setting next_dagrun for consume_1_or_2_with_dataset_expressions to None, run_after=None
[2025-04-05T12:11:03.159+0000] {logging_mixin.py:190} INFO - [2025-04-05T12:11:03.159+0000] {dag.py:4180} INFO - Setting next_dagrun for consume_1_or_both_2_and_3_with_dataset_expressions to None, run_after=None
[2025-04-05T12:11:03.160+0000] {logging_mixin.py:190} INFO - [2025-04-05T12:11:03.160+0000] {dag.py:4180} INFO - Setting next_dagrun for dataset_consumes_1 to None, run_after=None
[2025-04-05T12:11:03.161+0000] {logging_mixin.py:190} INFO - [2025-04-05T12:11:03.161+0000] {dag.py:4180} INFO - Setting next_dagrun for dataset_consumes_1_and_2 to None, run_after=None
[2025-04-05T12:11:03.162+0000] {logging_mixin.py:190} INFO - [2025-04-05T12:11:03.162+0000] {dag.py:4180} INFO - Setting next_dagrun for dataset_consumes_1_never_scheduled to None, run_after=None
[2025-04-05T12:11:03.165+0000] {logging_mixin.py:190} INFO - [2025-04-05T12:11:03.164+0000] {dag.py:4180} INFO - Setting next_dagrun for dataset_consumes_unknown_never_scheduled to None, run_after=None
[2025-04-05T12:11:03.173+0000] {logging_mixin.py:190} INFO - [2025-04-05T12:11:03.172+0000] {dag.py:4180} INFO - Setting next_dagrun for dataset_produces_1 to 2025-04-04 00:00:00+00:00, run_after=2025-04-05 00:00:00+00:00
[2025-04-05T12:11:03.179+0000] {logging_mixin.py:190} INFO - [2025-04-05T12:11:03.178+0000] {dag.py:4180} INFO - Setting next_dagrun for dataset_produces_2 to None, run_after=None
[2025-04-05T12:11:03.236+0000] {processor.py:208} INFO - Processing /home/airflow/.local/lib/python3.12/site-packages/airflow/example_dags/example_datasets.py took 1.163 seconds
[2025-04-05T12:11:34.034+0000] {processor.py:186} INFO - Started process (PID=632) to work on /home/airflow/.local/lib/python3.12/site-packages/airflow/example_dags/example_datasets.py
[2025-04-05T12:11:34.037+0000] {processor.py:914} INFO - Processing file /home/airflow/.local/lib/python3.12/site-packages/airflow/example_dags/example_datasets.py for tasks to queue
[2025-04-05T12:11:34.039+0000] {logging_mixin.py:190} INFO - [2025-04-05T12:11:34.039+0000] {dagbag.py:588} INFO - Filling up the DagBag from /home/airflow/.local/lib/python3.12/site-packages/airflow/example_dags/example_datasets.py
[2025-04-05T12:11:34.571+0000] {processor.py:925} INFO - DAG(s) 'dataset_produces_2', 'dataset_consumes_1', 'dataset_consumes_1_and_2', 'dataset_consumes_1_never_scheduled', 'dataset_consumes_unknown_never_scheduled', 'consume_1_and_2_with_dataset_expressions', 'dataset_produces_1', 'conditional_dataset_and_time_based_timetable', 'consume_1_or_2_with_dataset_expressions', 'consume_1_or_both_2_and_3_with_dataset_expressions' retrieved from /home/airflow/.local/lib/python3.12/site-packages/airflow/example_dags/example_datasets.py
[2025-04-05T12:11:34.592+0000] {logging_mixin.py:190} INFO - [2025-04-05T12:11:34.592+0000] {dag.py:3239} INFO - Sync 10 DAGs
[2025-04-05T12:11:34.604+0000] {logging_mixin.py:190} INFO - [2025-04-05T12:11:34.603+0000] {dag.py:4180} INFO - Setting next_dagrun for conditional_dataset_and_time_based_timetable to 2025-04-02 01:00:00+00:00, run_after=2025-04-02 01:00:00+00:00
[2025-04-05T12:11:34.605+0000] {logging_mixin.py:190} INFO - [2025-04-05T12:11:34.605+0000] {dag.py:4180} INFO - Setting next_dagrun for consume_1_and_2_with_dataset_expressions to None, run_after=None
[2025-04-05T12:11:34.607+0000] {logging_mixin.py:190} INFO - [2025-04-05T12:11:34.607+0000] {dag.py:4180} INFO - Setting next_dagrun for consume_1_or_2_with_dataset_expressions to None, run_after=None
[2025-04-05T12:11:34.608+0000] {logging_mixin.py:190} INFO - [2025-04-05T12:11:34.608+0000] {dag.py:4180} INFO - Setting next_dagrun for consume_1_or_both_2_and_3_with_dataset_expressions to None, run_after=None
[2025-04-05T12:11:34.610+0000] {logging_mixin.py:190} INFO - [2025-04-05T12:11:34.610+0000] {dag.py:4180} INFO - Setting next_dagrun for dataset_consumes_1 to None, run_after=None
[2025-04-05T12:11:34.612+0000] {logging_mixin.py:190} INFO - [2025-04-05T12:11:34.612+0000] {dag.py:4180} INFO - Setting next_dagrun for dataset_consumes_1_and_2 to None, run_after=None
[2025-04-05T12:11:34.613+0000] {logging_mixin.py:190} INFO - [2025-04-05T12:11:34.613+0000] {dag.py:4180} INFO - Setting next_dagrun for dataset_consumes_1_never_scheduled to None, run_after=None
[2025-04-05T12:11:34.613+0000] {logging_mixin.py:190} INFO - [2025-04-05T12:11:34.613+0000] {dag.py:4180} INFO - Setting next_dagrun for dataset_consumes_unknown_never_scheduled to None, run_after=None
[2025-04-05T12:11:34.614+0000] {logging_mixin.py:190} INFO - [2025-04-05T12:11:34.614+0000] {dag.py:4180} INFO - Setting next_dagrun for dataset_produces_1 to 2025-04-04 00:00:00+00:00, run_after=2025-04-05 00:00:00+00:00
[2025-04-05T12:11:34.615+0000] {logging_mixin.py:190} INFO - [2025-04-05T12:11:34.615+0000] {dag.py:4180} INFO - Setting next_dagrun for dataset_produces_2 to None, run_after=None
[2025-04-05T12:11:34.630+0000] {processor.py:208} INFO - Processing /home/airflow/.local/lib/python3.12/site-packages/airflow/example_dags/example_datasets.py took 0.605 seconds
[2025-04-05T12:12:05.610+0000] {processor.py:186} INFO - Started process (PID=695) to work on /home/airflow/.local/lib/python3.12/site-packages/airflow/example_dags/example_datasets.py
[2025-04-05T12:12:05.612+0000] {processor.py:914} INFO - Processing file /home/airflow/.local/lib/python3.12/site-packages/airflow/example_dags/example_datasets.py for tasks to queue
[2025-04-05T12:12:05.614+0000] {logging_mixin.py:190} INFO - [2025-04-05T12:12:05.614+0000] {dagbag.py:588} INFO - Filling up the DagBag from /home/airflow/.local/lib/python3.12/site-packages/airflow/example_dags/example_datasets.py
[2025-04-05T12:12:06.152+0000] {processor.py:925} INFO - DAG(s) 'dataset_consumes_1', 'dataset_consumes_unknown_never_scheduled', 'dataset_produces_2', 'consume_1_or_2_with_dataset_expressions', 'conditional_dataset_and_time_based_timetable', 'consume_1_or_both_2_and_3_with_dataset_expressions', 'dataset_consumes_1_and_2', 'dataset_consumes_1_never_scheduled', 'consume_1_and_2_with_dataset_expressions', 'dataset_produces_1' retrieved from /home/airflow/.local/lib/python3.12/site-packages/airflow/example_dags/example_datasets.py
[2025-04-05T12:12:06.180+0000] {logging_mixin.py:190} INFO - [2025-04-05T12:12:06.180+0000] {dag.py:3239} INFO - Sync 10 DAGs
[2025-04-05T12:12:06.193+0000] {logging_mixin.py:190} INFO - [2025-04-05T12:12:06.193+0000] {dag.py:4180} INFO - Setting next_dagrun for conditional_dataset_and_time_based_timetable to 2025-04-02 01:00:00+00:00, run_after=2025-04-02 01:00:00+00:00
[2025-04-05T12:12:06.198+0000] {logging_mixin.py:190} INFO - [2025-04-05T12:12:06.198+0000] {dag.py:4180} INFO - Setting next_dagrun for consume_1_and_2_with_dataset_expressions to None, run_after=None
[2025-04-05T12:12:06.199+0000] {logging_mixin.py:190} INFO - [2025-04-05T12:12:06.199+0000] {dag.py:4180} INFO - Setting next_dagrun for consume_1_or_2_with_dataset_expressions to None, run_after=None
[2025-04-05T12:12:06.200+0000] {logging_mixin.py:190} INFO - [2025-04-05T12:12:06.200+0000] {dag.py:4180} INFO - Setting next_dagrun for consume_1_or_both_2_and_3_with_dataset_expressions to None, run_after=None
[2025-04-05T12:12:06.201+0000] {logging_mixin.py:190} INFO - [2025-04-05T12:12:06.201+0000] {dag.py:4180} INFO - Setting next_dagrun for dataset_consumes_1 to None, run_after=None
[2025-04-05T12:12:06.202+0000] {logging_mixin.py:190} INFO - [2025-04-05T12:12:06.202+0000] {dag.py:4180} INFO - Setting next_dagrun for dataset_consumes_1_and_2 to None, run_after=None
[2025-04-05T12:12:06.202+0000] {logging_mixin.py:190} INFO - [2025-04-05T12:12:06.202+0000] {dag.py:4180} INFO - Setting next_dagrun for dataset_consumes_1_never_scheduled to None, run_after=None
[2025-04-05T12:12:06.203+0000] {logging_mixin.py:190} INFO - [2025-04-05T12:12:06.203+0000] {dag.py:4180} INFO - Setting next_dagrun for dataset_consumes_unknown_never_scheduled to None, run_after=None
[2025-04-05T12:12:06.204+0000] {logging_mixin.py:190} INFO - [2025-04-05T12:12:06.204+0000] {dag.py:4180} INFO - Setting next_dagrun for dataset_produces_1 to 2025-04-04 00:00:00+00:00, run_after=2025-04-05 00:00:00+00:00
[2025-04-05T12:12:06.205+0000] {logging_mixin.py:190} INFO - [2025-04-05T12:12:06.205+0000] {dag.py:4180} INFO - Setting next_dagrun for dataset_produces_2 to None, run_after=None
[2025-04-05T12:12:06.222+0000] {processor.py:208} INFO - Processing /home/airflow/.local/lib/python3.12/site-packages/airflow/example_dags/example_datasets.py took 0.617 seconds
